_id,ID,ADDRESS_INFO,NAME,CATEGORY,PHONE,EMAIL,WEBSITE,GEOID,RECEIVED_DATA_DATE,ADDRESS_POINT_ID,ADDRESS_NUMBER,LINEAR_NAME_FULL,ADDRESS_FULL,POSTAL_CODE,MUNICIPALITY,CITY,PLACE_NAME,GENERAL_USE_CODE,CENTRELINE_ID,LO_NUM,LO_NUM_SUF,HI_NUM,HI_NUM_SUF,LINEAR_NAME_ID,X,Y,LONGITUDE,LATITUDE,OBJECTID,MI_PRINX,ATTRACTION_LEVEL,ATTRACTION_DESC,IMAGE_NAME,MAP_ACCESS,geometry
1,16,,BMO Field,Sports / Entertainment Venue,416-815-5982,,www.bmofield.com,20229243.0,,20229243.0,170.0,Princes' Blvd,170 Princes' Blvd,M6K 3C3,former TORONTO,Toronto,CNE BMO Field,107007.0,20231258.0,170.0,,,,20228.0,,,,,16,4163950.0,2,"BMO Field is home to the Toronto FC (Major League Soccer), Canada's national soccer team, and the home of the Toronto Argonauts (Canadian Football League).",BMOField.jpg,Y,"{u'type': u'Point', u'coordinates': (-79.4186143, 43.6326640112)}"
2,1,,Aga Khan Museum,Museum,416-646-4677,,www.agakhanmuseum.org,10142948.0,,10142948.0,77.0,Wynford Dr,77 Wynford Dr,M3C 1K1,NORTH YORK,Toronto,,107008.0,444094.0,77.0,,,,7128.0,,,,,1,4094277.0,1,"Dedicated to sharing the artistic, intellectual, and scientific contributions that Islamic civilizations and cultures have made to world heritage.",AgaKhan.jpg,Y,"{u'type': u'Point', u'coordinates': (-79.3323311395, 43.7253857065)}"
3,2,,Air Canada Centre,Sports / Entertainment Venue,416-815-5500,,www.theaircanadacentre.com/,7929257.0,,7929257.0,40.0,Bay St,40 Bay St,M5J 2X2,former TORONTO,Toronto,Air Canada Centre,107010.0,7929256.0,40.0,,,,2962.0,,,,,2,3176821.0,1,"The Air Canada Centre is a multi-purpose indoor sporting arena and concert venue. It is the home of the Toronto Maple Leafs Hockey Club, the Toronto Raptors basketball team, and the Toronto Rock Lacrosse team.",AirCanadaCentre.jpg,Y,"{u'type': u'Point', u'coordinates': (-79.3790006166, 43.6434376948)}"
4,3,,Al Green Theatre (at the Miles Nadal Jewish Community Centre),Performing Arts,416-924-6211,,www.algreentheatre.ca/,8418224.0,,8418224.0,750.0,Spadina Ave,750 Spadina Ave,M5S 2J2,former TORONTO,Toronto,Miles Nadal Jewish Community Centre,115001.0,8418213.0,750.0,,,,4426.0,,,,,3,1951177.0,4,"The Al Green Theatre is used  for social and corporate event, theatre, film, concerts, dance; and lectures.",,N,"{u'type': u'Point', u'coordinates': (-79.4040622529, 43.6662065899)}"
5,4,,Alexander Muir Memorial Gardens,Nature/ Park,416-338-4386,,http://www1.toronto.ca/parks/prd/facilities/complex/193/,10154587.0,,10154587.0,2901.0,Yonge St,2901 Yonge St,,former TORONTO,Toronto,Alexander Muir Memorial Gardens,106001.0,30094595.0,2901.0,,,,4733.0,,,,,4,4217141.0,4,Named after the famous composer Alexander Muir. The gardens act as a path into the tranquil ravine system that includes walking trails. The gardens are open year round.,Imageplaceholder.jpg,Y,"{u'type': u'Point', u'coordinates': (-79.4011635557, 43.7215335136)}"
6,5,,Allan Gardens,Nature/ Park,416-392-7288,,http://www1.toronto.ca/wps/portal/contentonly?vgnextoid=b2a9dada600f0410VgnVCM10000071d60f89RCRD,12387690.0,,12387690.0,19.0,Horticultural Ave,19 Horticultural Ave,M5A 2P2,former TORONTO,Toronto,,115001.0,30055840.0,19.0,,,,3695.0,,,,,5,3358221.0,2,Allan Gardens is an indoor botanical garden built in 1910. The building houses six greenhouses featuring plants and flowers from across the globe. Open year round and free to the public.,AllanGardens.jpg,Y,"{u'type': u'Point', u'coordinates': (-79.3747506646, 43.6609455553)}"
7,6,,Alumnae Theatre,Performing Arts,416-364-4170,,www.alumnaetheatre.com/,11070101.0,,11070101.0,70.0,Berkeley St,70 Berkeley St,M5A 2W6,former TORONTO,Toronto,,115001.0,11070091.0,70.0,,,,2995.0,,,,,6,2198005.0,3,The theatre company is housed inside an old firehall. Each year the company offers three productions.,Imageplaceholder.jpg,Y,"{u'type': u'Point', u'coordinates': (-79.3649509865, 43.6527421075)}"
8,7,,Art Gallery of Ontario,Gallery,416-979-6648,,www.ago.net/,796549.0,,796549.0,317.0,Dundas St W,317 Dundas St W,M5T 1G4,former TORONTO,Toronto,Grange Park,107010.0,1144804.0,317.0,,,,558.0,,,,,7,3838389.0,1,"The Art Gallery of Ontario (AGO) is one of the largest art galleries in North America, and holds more than 80,000 works in its collection. In 2008 the building was redesigned by famous architect and native Torontonian, Frank Gehry.",AGO.jpg,Y,"{u'type': u'Point', u'coordinates': (-79.392569774, 43.6535115628)}"
9,8,,Ashbridges Bay Park,Nature/ Park,311,,http://www1.toronto.ca/parks/prd/facilities/complex/1/,7650406.0,,7650406.0,1675.0,Lake Shore Blvd E,1675 Lake Shore Blvd E,M4L 3W6,former TORONTO,Toronto,Woodbine Beach Park,106001.0,13973014.0,1675.0,,,,3803.0,,,,,8,4149245.0,3,"Ashbridges Bay waterfront park features large beaches, fishing areas, a marina, and the Woodbine Beach boardwalk.",AshbridgeBayPark.jpg,Y,"{u'type': u'Point', u'coordinates': (-79.3111794251, 43.6615411848)}"
10,15,,Bluffer's Park and Beach (Scarborough Bluffs),Nature/ Park,416-392-2489,,http://www1.toronto.ca/parks/prd/facilities/complex/2/,14077650.0,,14077650.0,1.0,Brimley Rd S,1 Brimley Rd S,,SCARBOROUGH,Toronto,Bluffer's Park,106001.0,30034748.0,1.0,,,,10496.0,,,,,15,3837195.0,3,"Providing a beautiful backdrop for locals and visitors alike, the Bluffs are one of Toronto's great natural wonders.",BluffersPark.jpg,Y,"{u'type': u'Point', u'coordinates': (-79.2349735828, 43.7062056087)}"
11,9,,BAPS Shri Swaminarayan Mandir,Landmark,416-798-2277,,http://www.baps.org/Global-Network/North-America/Toronto.aspx,7063040.0,,7063040.0,61.0,Claireville Dr,61 Claireville Dr,M9W 5Z7,ETOBICOKE,Toronto,,114001.0,7063031.0,61.0,,,,1350.0,,,,,9,2361585.0,2,"This unique-to-Canada architectural monument is made with 24,000 pieces of marble and stone. Discover the more than 10,000-year-old heritage of India.",BAPS.jpg,Y,"{u'type': u'Point', u'coordinates': (-79.624999348, 43.7392830562)}"
12,10,,Beanfield Centre (formerly Allstream Centre),Convention & Trade Centres,416-263-3000,,www.beanfieldcentre.com,13497744.0,,13497744.0,105.0,Princes' Blvd,105 Princes' Blvd,M6K 3C3,former TORONTO,Toronto,CNE Automotive Bldg,107007.0,14063902.0,105.0,,,,20228.0,,,,,10,4163970.0,2,The Beanfield Centre (formerly Allstream Centre) is an environmentally friendly conference venue.,Imageplaceholder.jpg,Y,"{u'type': u'Point', u'coordinates': (-79.4106466605, 43.6340301337)}"
13,11,,Berkeley Street Theatre,Performing Arts,416-367-8243,,https://www.canadianstage.com/Online/default.asp?doWork::WScontent::loadArticle=Load&BOparam::WScontent::loadArticle::article_id=4571A4D5-B9AC-49E1-B9EE-BED174FB365D&sessionlanguage,8354326.0,,8354326.0,26.0,Berkeley St,26 Berkeley St,M5A 2W3,former TORONTO,Toronto,,115001.0,14036508.0,26.0,,,,2995.0,,,,,11,3277000.0,4,"Home to the Canadian Stage Company, the Berkeley Street Theatre presents an array of Canadian and international performances.",,N,"{u'type': u'Point', u'coordinates': (-79.3642606242, 43.6505772463)}"
14,12,,Betty Oliphant Theatre (at Canada's National Ballet School),Performing Arts,416-964-3780,,http://www.nbs-enb.ca/Venue-Rentals/Betty-Oliphant-Theatre,10924127.0,,10924127.0,404.0,Jarvis St,404 Jarvis St,M4Y 2G6,former TORONTO,Toronto,,115001.0,20058417.0,404.0,,,,3741.0,,,,,12,1781615.0,4,"Designed by Jack Diamond, the Betty Oliphant Theatre is used by the Canada National Ballet School as a training and performance venue.",,N,"{u'type': u'Point', u'coordinates': (-79.3780815288, 43.6642617578)}"
15,13,,Billy Bishop Toronto City Airport,Transportation,416-203-6942,,http://www.portstoronto.com/airport.aspx,8491775.0,,8491775.0,4.0,Eireann Quay,4 Eireann Quay,,former TORONTO,Toronto,Billy Bishop Passenger Transfer Facility,108005.0,20145542.0,4.0,,,,19008.0,,,,,13,3341446.0,1,"Located minutes from the downtown core, Billy Bishop Airport serves nearby Canadian and American cities.",BillyBishopAirport.jpg,Y,"{u'type': u'Point', u'coordinates': (-79.3974824085, 43.633926408)}"
16,14,,Black Creek Pioneer Village,Museum,416-736-1733,,www.blackcreek.ca/,544620.0,,544620.0,1000.0,Murray Ross Pkwy,1000 Murray Ross Pkwy,M3J 2P3,NORTH YORK,Toronto,,107008.0,30091481.0,1000.0,,,,6264.0,,,,,14,4190714.0,2,"Become immersed in the lifestyles, customs, and surroundings of early residents who built the foundations for modern Toronto and Ontario at this 30-acre site.",BlackCreekPioneerVillage.jpg,Y,"{u'type': u'Point', u'coordinates': (-79.5180362135, 43.7747704052)}"
17,17,,Buddies in Bad Times Theatre,Performing Arts,416-975-8555,,http://buddiesinbadtimes.com/,7730175.0,,7730175.0,12.0,Alexander St,12 Alexander St,M4Y 1B4,former TORONTO,Toronto,,107002.0,30075783.0,12.0,,,,9761.0,,,,,17,4095934.0,3,"Buddies in Bad Times theatre is the biggest, and the longest-running queer theatre in the world.",BuddiesinBadTimes.jpg,Y,"{u'type': u'Point', u'coordinates': (-79.3830626921, 43.6633100114)}"
18,18,,Budweiser Stage (formerly Molson Canadian Amphitheatre),Sports / Entertainment Venue,416-260-5600,,www.livenation.com/venues/14878/molson-canadian-amphitheatre,20100991.0,,20100991.0,909.0,Lake Shore Blvd W,909 Lake Shore Blvd W,M6K 3L3,former TORONTO,Toronto,Molson Amphitheatre,107002.0,30021271.0,909.0,,,,1962.0,,,,,18,3194249.0,2,"Located within the Ontario Place grounds, the Molson Canadian Amphitheatre offers concert goers an excellent outdoors venue.",MolsonAmp.jpg,Y,"{u'type': u'Point', u'coordinates': (-79.4151135424, 43.6293245235)}"
19,19,,Campbell House,Museum,416-597-0227,,http://www.campbellhousemuseum.ca/,8067818.0,,8067818.0,160.0,Queen St W,160 Queen St W,M5H 3H3,former TORONTO,Toronto,Sir William Campbell House Museum - Building Grounds,115001.0,8067830.0,160.0,,,,4238.0,,,,,19,3837738.0,3,The Campbell house dates back to 1822 and was once home to Judge William Campbell.  It is the last example of Palladian architecture in  Toronto.,CampbellHouse.jpg,Y,"{u'type': u'Point', u'coordinates': (-79.3871527109, 43.6509018909)}"
20,20,,Canada's Walk of Fame,Landmark,416-367-9255,,www.canadaswalkoffame.com,7929669.0,,7929669.0,215.0,King St W,215 King St W,,former TORONTO,Toronto,David Pecaut Square,115001.0,7929656.0,215.0,,,,3780.0,,,,,20,3836291.0,3,Canada's Walk of Fame celebrates Canadians who have excelled in their respective fields for at least 10 years. The stars are displayed throughout the Entertainment District along King Street West and Simcoe Street.,CanadaWalkofFame.jpg,Y,"{u'type': u'Point', u'coordinates': (-79.3875640308, 43.6469417775)}"
21,21,,Canadian Museum of Cultural Heritage of Indo-Canadian,Museum,416-798-2277,,www.baps.org/cultureandheritage/ExperienceIndia/Exhibitions/CanadianMuseumofCulturalHeritageofIndo-Canadians.aspx,7063040.0,,7063040.0,61.0,Claireville Dr,61 Claireville Dr,M9W 5Z7,ETOBICOKE,Toronto,,114001.0,7063031.0,61.0,,,,1350.0,,,,,21,2361585.0,4,The Canadian Museum of Cultural Heritage of Indo-Canadians is a museum committed to the understanding of India's rich cultural heritage. See BAPS Shri Swaminarayan Mandir.,Imageplaceholder.jpg,Y,"{u'type': u'Point', u'coordinates': (-79.624999348, 43.7392830562)}"
22,22,,Canadian Sculpture Centre,Gallery,647-435-5858,,http://www.cansculpt.org/presentExhibitions.php,7730188.0,,7730188.0,500.0,Church St,500 Church St,M4Y 2C8,former TORONTO,Toronto,,115001.0,7730338.0,500.0,,,,503.0,,,,,22,2303768.0,5,The Canadian Scultpture Centre is headquarters to the Sculptors Society of Canada. The society showcases and exibits contemporary Canadian scultpures.,,N,"{u'type': u'Point', u'coordinates': (-79.380514364, 43.6639816755)}"
23,23,,Casa Loma,Attraction,416-923-1171,,www.casaloma.ca,10663925.0,,10663925.0,1.0,Austin Ter,1 Austin Ter,M5R 1X8,former TORONTO,Toronto,Casa Loma,107010.0,10663924.0,1.0,,,,2922.0,,,,,23,2241692.0,1,"Canadas foremost castle is complete with decorated suites, secret passages, an 800-foot tunnel, towers, stables, and beautiful 5-acre estate gardens.",CasaLoma.jpg,Y,"{u'type': u'Point', u'coordinates': (-79.4095237552, 43.6781131638)}"
24,24,,CBC Museum,Museum,416-205-5574,,http://www.cbc.ca/museum/,10598280.0,,10598280.0,250.0,Front St W,250 Front St W,M5V 3G5,former TORONTO,Toronto,,115001.0,10598276.0,250.0,,,,3472.0,,,,,24,2650427.0,3,The CBC Museum features various CBC archival materials that date back to 1936. The museum also features the Graham Spry Theatre and a number of interactive exhibits.,CBCMuseum.jpg,Y,"{u'type': u'Point', u'coordinates': (-79.3877032026, 43.6444179128)}"
25,25,,Cedar Ridge Creative Centre,Nature/ Park,416-396-4026,,http://www1.toronto.ca/wps/portal/contentonly?vgnextoid=d1afc3513a110410VgnVCM10000071d60f89RCRD,322165.0,,322165.0,225.0,Confederation Dr,225 Confederation Dr,M1G 1B2,SCARBOROUGH,Toronto,Cedar Ridge Park,106007.0,109219.0,225.0,,,,7639.0,,,,,25,3838177.0,4,"Situated in a restored mansion, the centre features the Cedar Ridge gallery and rich gardens. The gallery highlights work from artists throughout the Greater Toronto area.",Imageplaceholder.jpg,Y,"{u'type': u'Point', u'coordinates': (-79.2071317636, 43.7574302123)}"
26,26,,Centennial Park,Nature/ Park,416-394-8750,,http://www1.toronto.ca/parks/prd/facilities/complex/798/,7472090.0,,7472090.0,256.0,Centennial Park Rd,256 Centennial Park Rd,M9C 5N3,ETOBICOKE,Toronto,Centennial Park - Etobicoke,115001.0,30053225.0,256.0,,,,1322.0,,,,,26,3836085.0,3,"Centennial Park is situated in Etobicoke and was opened in 1967 to celebrate Canada's 100th birthday. The park features sports fields, a conservatory, a ski hill, an Olympic size swimming pool, picnic areas and a Frisbee golf course.",CentennialPark.jpg,Y,"{u'type': u'Point', u'coordinates': (-79.5868643695, 43.6573190778)}"
27,27,,Centennial Park Conservatory,Nature/ Park,416-394-8543,,http://www1.toronto.ca/wps/portal/contentonly?vgnextoid=a7b9dada600f0410VgnVCM10000071d60f89RCRD,5495477.0,,5495477.0,151.0,Elmcrest Rd,151 Elmcrest Rd,,ETOBICOKE,Toronto,Centennial Park Conservatory,106001.0,30009179.0,151.0,,,,1543.0,,,,,27,4200895.0,3,"The Centennial Park conservatory is located within Centennial Park. At a size of 12,000 square feet it features an arid house, a show house and a tropical house. The conservatory is open year round and is free to the public.",Imageplaceholder.jpg,Y,"{u'type': u'Point', u'coordinates': (-79.5883418546, 43.6494661977)}"
28,28,Located on Toronto Island - take ferry from 9 Queen's Quay West,Centre Island Beach,Nature/ Park,311,,http://app.toronto.ca/tpha/beach/5.html,8133372.0,,8133372.0,1.0,Avenue Of The Islands,1 Avenue Of The Islands,,former TORONTO,Toronto,,115001.0,8128883.0,1.0,,,,11373.0,,,,,28,3363020.0,3,Centre Island Beach also known as Manitou Beach has been used by locals and tourists alike for more than a century. The beach is located on the south end of Centre Island. It is surrounded by park space and amenities such as bike and boat rentals.,CentreIslandBeach.jpg,Y,"{u'type': u'Point', u'coordinates': (-79.3717608815, 43.6165995233)}"
29,29,Located on Toronto Island - take ferry from 9 Queen's Quay West,Centreville Amusement Park,Attraction,416-203-0405,,http://www.centreisland.ca/,8133385.0,,8133385.0,21.0,Avenue Of The Islands,21 Avenue Of The Islands,,former TORONTO,Toronto,,115001.0,30084435.0,21.0,,,,11373.0,,,,,29,4159572.0,1,"Centreville is a 14-acre, turn-of-the-century, Ontario village theme park for children located on Centre Island, featuring over 30 rides.",Centreville.jpg,Y,"{u'type': u'Point', u'coordinates': (-79.3731809303, 43.6204069938)}"
30,30,,Cherry Beach/ Clarke Beach Park,Nature/ Park,311,,http://www1.toronto.ca/parks/prd/facilities/complex/209/,10495088.0,,10495088.0,275.0,Unwin Ave,275 Unwin Ave,,former TORONTO,Toronto,Cherry Beach Sports Fields,106005.0,30068422.0,275.0,,,,4587.0,,,,,30,4170002.0,3,"Cherry Beach is located within the port lands and features a dog's off leash area, the Martin Goodman Trail and a picnic site.",CherryBeach.jpg,Y,"{u'type': u'Point', u'coordinates': (-79.3416277597, 43.6411752601)}"
31,31,,Chinese Cultural Centre of Greater Toronto,Attraction,416-292-9293,,http://www.cccgt.org/index.php/en/,13504489.0,,13504489.0,5183.0,Sheppard Ave E,5183 Sheppard Ave E,M1B 5Z5,SCARBOROUGH,Toronto,,107010.0,30063121.0,5183.0,,,,6698.0,,,,,31,3814396.0,4,"The building houses the P.C. Ho theatre, studios, conference rooms, a resource centre, a reception hall and an art gallery.",Imageplaceholder.jpg,Y,"{u'type': u'Point', u'coordinates': (-79.2334874799, 43.7946756375)}"
32,32,,Cloud Gardens Conservatory,Garden / Conservatory,416-392-7288,,http://www1.toronto.ca/wps/portal/contentonly?vgnextoid=355cfe59abc61410VgnVCM10000071d60f89RCRD,8677073.0,,8677073.0,14.0,Temperance St,14 Temperance St,M5H 1Y4,former TORONTO,Toronto,Cloud Gardens,115001.0,30100056.0,14.0,,,,4536.0,,,,,32,4250856.0,4,"Renovated in 2014, the conservatory is situated within the heart of the city's financial district. It features a small greenhouse that is set to the conditions of a rainforest.",,N,"{u'type': u'Point', u'coordinates': (-79.3797097323, 43.6510765247)}"
33,33,,CN Tower,Attraction,416-868-6937,,http://www.cntower.ca/,10598279.0,,10598279.0,301.0,Front St W,301 Front St W,M5V 2T6,former TORONTO,Toronto,CN Tower,107010.0,7929684.0,301.0,,,,3472.0,,,,,33,2252756.0,1,"The CN Tower is an engineering marvel and one of the city's most visited sites. It features the world's highest wine cellar, a fine dining revolving restaurant (360), a glass floor. For the true adventure seeker, the Edge walk.",CNTower.jpg,Y,"{u'type': u'Point', u'coordinates': (-79.3871230676, 43.6425955989)}"
34,34,,Colborne Lodge,Museum,416-392-6916,,http://www1.toronto.ca/wps/portal/contentonly?vgnextoid=5e5c2271635af310VgnVCM10000071d60f89RCRD,7730490.0,,7730490.0,11.0,Colborne Lodge Dr,11 Colborne Lodge Dr,,former TORONTO,Toronto,Colborne Lodge(Howard House),107008.0,30063345.0,11.0,,,,3197.0,,,,,34,3816049.0,3,This quaint cottage located within High Park was home to John and Jemma Howard. In 1873 the couple deeded the part to lodge to the City of Toronto. The house is a great example of a regency style building.,ColborneLodge.jpg,Y,"{u'type': u'Point', u'coordinates': (-79.4599634886, 43.6403479568)}"
35,35,,Dancemakers and the Centre for Creation,Performing Arts,416-367-1800,,http://dancemakers.org/,30032097.0,,30032097.0,9.0,Trinity St,9 Trinity St,M5A 3C4,former TORONTO,Toronto,,115001.0,30029438.0,9.0,,,,4574.0,,,,,35,3232761.0,5,"One of Toronto's professional contemporary dance companies, Dancemakers and the Centre for Creation is focused on the delivery of refined and passionate dance to its admirers.",,N,"{u'type': u'Point', u'coordinates': (-79.3592607925, 43.6500261228)}"
36,36,,Design Exchange,Museum,416-363-6121,,ww.dx.org/,14206258.0,,14206258.0,234.0,Bay St,234 Bay St,,former TORONTO,Toronto,,115001.0,8087327.0,234.0,,,,2962.0,,,,,36,2593198.0,2,Canada's only museum dedicated to the preservation of design which includes the design heritage from an array of mediums.,DesignExchange.jpg,Y,"{u'type': u'Point', u'coordinates': (-79.3804836813, 43.6481450889)}"
37,37,,Downsview Park,Nature/ Park,416-952-2222,,www.downsviewpark.ca,13494845.0,,13494845.0,35.0,Carl Hall Rd,35 Carl Hall Rd,M3K 2B6,NORTH YORK,Toronto,,113001.0,6248382.0,35.0,,,,11506.0,,,,,37,3011325.0,3,"The vast green space allows for an array of small-to-large scale events such as culture, dining, leisure, sports, and recreation.",DownsviewPark.jpg,Y,"{u'type': u'Point', u'coordinates': (-79.4791568354, 43.7466580331)}"
38,38,,Ed Mirvish Theatre,Performing Arts,416-872-1212,,www.mirvish.com/theatres/edmirvishtheatre,14199877.0,,14199877.0,244.0,Victoria St,244 Victoria St,M5B 1V8,former TORONTO,Toronto,,115001.0,7641770.0,244.0,,,,9790.0,,,,,38,2398205.0,1,"A part of the Toronto theatre scene since 1920, the Ed Mirvish Theatre is a picturesque theatre to view special presentations ranging from concerts, comedy, plays, and many more.",EdMirvish.jpg,Y,"{u'type': u'Point', u'coordinates': (-79.3793983138, 43.6552463897)}"
39,39,,Elgin and Winter Garden Theatre Centre,Performing Arts,416-314-2901,,http://www.heritagetrust.on.ca/ewg/home.aspx,7762814.0,,7762814.0,189.0,Yonge St,189 Yonge St,M5B 1M4,former TORONTO,Toronto,,107002.0,7762785.0,189.0,,,,4733.0,,,,,39,2001997.0,2,The Elgin and Winter Garden Theatre features two completely separate theatres and is the last running double-decker theatre in the world .,Elgin.jpg,Y,"{u'type': u'Point', u'coordinates': (-79.3792005862, 43.6530564935)}"
40,40,,Enercare Centre (formely known as Direct Energy Centre),Convention & Trade Centres,416-263-3000,,www.enercarecentre.com/,13497734.0,,13497734.0,100.0,Princes' Blvd,100 Princes' Blvd,M6K 3C3,former TORONTO,Toronto,CNE Direct Energy Centre,107007.0,14065264.0,100.0,,,,20228.0,,,,,40,4163968.0,2,"The largest convention centre in Canada, over 180 trade and consumer shows are hosted annually.",EnercareCentre.jpg,Y,"{u'type': u'Point', u'coordinates': (-79.4125515738, 43.6345302836)}"
41,41,,Evergreen Brick Works,Attraction,416-596-1495,,http://www.evergreen.ca/get-involved/evergreen-brick-works/,17494.0,,17494.0,550.0,Bayview Ave,550 Bayview Ave,M4W 3X8,EAST YORK,Toronto,Don Valley Brick Works,113001.0,30071848.0,550.0,,,,24.0,,,,,41,4068255.0,3,"A former brickyard, the Evergreen Brick Works is an urban model for ecosystem planning. Filled with activities for the whole family and a farmers market.",EvergreenBrickworks.jpg,Y,"{u'type': u'Point', u'coordinates': (-79.365627972, 43.68378335)}"
42,42,,Exhibition Place,Convention & Trade Centres,416-263-3000,,www.explace.on.ca,13497734.0,,13497734.0,100.0,Princes' Blvd,100 Princes' Blvd,M6K 3C3,former TORONTO,Toronto,CNE Direct Energy Centre,107007.0,14065264.0,100.0,,,,20228.0,,,,,42,4163968.0,2,"Attracting over 5 million visitors a year, this massive complex features sporting and exhibition facilities, a nightclub and attractions.",ExPlace.jpg,Y,"{u'type': u'Point', u'coordinates': (-79.4125515738, 43.6345302836)}"
43,43,,Factory Theatre,Performing Arts,416-504-991,,https://www.factorytheatre.ca,8457322.0,,8457322.0,125.0,Bathurst St,125 Bathurst St,M5V 2R2,former TORONTO,Toronto,,115001.0,8457317.0,125.0,,,,436.0,,,,,43,2383679.0,3,"The Factory Theatre operates two theatres in a  Victorian mansion, where they have produced more than 150 Canadian plays, and various workshops.",FactoryTheatre.jpg,Y,"{u'type': u'Point', u'coordinates': (-79.4027144459, 43.6455706345)}"
44,44,,Famous PEOPLE Players,Performing Arts,416-532-1137,,www.famouspeopleplayers.com/,30063014.0,,30063014.0,343.0,Evans Ave,343 Evans Ave,M8Z 1K2,ETOBICOKE,Toronto,,112001.0,913771.0,343.0,,,,1575.0,,,,,44,3814167.0,3,"Located in Toronto's West End, Famous PEOPLE Players allows visitors to immerse themselves in a unique dining experience while enjoying theatre in the dark.",FamousPeoplePlayers.jpg,Y,"{u'type': u'Point', u'coordinates': (-79.5207676363, 43.6151637968)}"
45,45,,Fort York National Historic Site,Museum,416-392-6907,,http://www1.toronto.ca/wps/portal/contentonly?vgnextoid=b59c2271635af310VgnVCM10000071d60f89RCRD,30017954.0,,30017954.0,250.0,Fort York Blvd,250 Fort York Blvd,M5V 3K9,former TORONTO,Toronto,,104008.0,30013783.0,250.0,,,,15826.0,,,,,45,3004743.0,2,"Birthplace of Toronto in 1793 and scene of the Battle of York in 1813, Fort York has Canadas largest collection of original War of 1812 buildings. Open year round for tours, exhibits, and demonstrations.",FortYork.jpg,Y,"{u'type': u'Point', u'coordinates': (-79.4049772877, 43.6383700704)}"
46,46,,Four Seasons Centre for the Performing Arts,Performing Arts,416-363-8231,,www.coc.ca/AboutTheCOC/FourSeasonsCentre,856378.0,,856378.0,145.0,Queen St W,145 Queen St W,M5H 4G1,former TORONTO,Toronto,Four Seasons Centre for the Performing A,107002.0,1145285.0,145.0,,,,4238.0,,,,,46,1884457.0,2,The Four Seasons Centre for the Performing Arts is home to the Canadian Opera Company and the National Ballet of Canada.,FourSeasonsCentre.jpg,Y,"{u'type': u'Point', u'coordinates': (-79.3858065613, 43.6506187935)}"
47,47,Approximate address - Located on Toronto Island - take ferry from 9 Queen's Quay West,Franklin Children's Garden,Garden / Conservatory,416-397-2628,,www1.toronto.ca/wps/portal/contentonly?vgnextoid=e9b8dada600f0410VgnVCM10000071d60f89RCRD,14258202.0,,14258202.0,30.0,Centre Island Pk,30 Centre Island Pk,M5J 2E9,former TORONTO,Toronto,,102008.0,1147832.0,30.0,,,,17507.0,,,,,47,1713485.0,4,"The garden, inspired by Franklin the Turtle, is an area to discover nature, play, while learning something new.",,N,"{u'type': u'Point', u'coordinates': (-79.3783881351, 43.6157002779)}"
48,48,,Gallery Indigena,Gallery,416-366-3000,,www.galleryindigena.com,30032158.0,,30032158.0,46.0,Gristmill Lane,46 Gristmill Lane,M5A 3C4,former TORONTO,Toronto,,115001.0,30029430.0,46.0,,,,19554.0,,,,,48,3233105.0,4,"Located in the Distillery District, the Eskimo Art Gallery offers Inuit art.",,N,"{u'type': u'Point', u'coordinates': (-79.3600412661, 43.6500618262)}"
49,49,,Gardiner Museum of Ceramic Art,Museum,416-586-8080,,www.gardinermuseum.on.ca,8408486.0,,8408486.0,111.0,Queen's Park,111 Queen's Park,M5S 2C7,former TORONTO,Toronto,,115001.0,8408484.0,111.0,,,,11267.0,,,,,49,2942367.0,2,"A museum dedicated to one of the oldest forms of art. The Gardiner Museum of Ceramic Art is home to over 3,000 historical and contemporary ceramic pieces.",GardinerMuseum.jpg,Y,"{u'type': u'Point', u'coordinates': (-79.3935095153, 43.6679851903)}"
50,50,,George Ignatieff Theatre,Performing Arts,416-978-3862,,www.trinity.utoronto.ca/visit/index.html,8408609.0,,8408609.0,15.0,Devonshire Pl,15 Devonshire Pl,M5S 2C8,former TORONTO,Toronto,,107002.0,8408578.0,15.0,,,,3293.0,,,,,50,2163690.0,5,"In the Trinity College community, the George Ignatieff Theatre acts as a creative hub ranging from events like theatre, conferences, and much more.",,N,"{u'type': u'Point', u'coordinates': (-79.3971112471, 43.6658419856)}"
51,51,Located on Toronto Island - take ferry from 9 Queen's Quay West to Centre Island,Gibraltar Point Beach,Nature/ Park,311,,app.toronto.ca/tpha/beach/4.html,8133458.0,,8133458.0,443.0,Lakeshore Ave,443 Lakeshore Ave,M5J 2W2,former TORONTO,Toronto,,115001.0,30096919.0,443.0,,,,3802.0,,,,,51,4230440.0,3,"Surrounded by eastern cottonwood trees, the Gibraltar Point Beach is located on the southwest shore of Toronto Island Park. The Gibraltar Point Centre for the Arts is walking distance from the beach.",GibraltorPointBeach.jpg,Y,"{u'type': u'Point', u'coordinates': (-79.3836808748, 43.6130889476)}"
52,52,,Gibson House Museum,Museum,416-395-7432,,www1.toronto.ca/wps/portal/contentonly?vgnextoid,7131356.0,,7131356.0,5172.0,Yonge St,5172 Yonge St,M2N 5P6,NORTH YORK,Toronto,Gibson House - Building Grounds,107008.0,7131350.0,5172.0,,,,4733.0,,,,,52,3838012.0,3,"Operated  by the City of Toronto, the Gibson House is a museum where visitors experience an exquisite farmhouse and learn more about the rural development of the area.",GibsonHouseMuseum.jpg,Y,"{u'type': u'Point', u'coordinates': (-79.4146669395, 43.7696861503)}"
53,53,,Glen Rouge Campground,Nature/ Park,416-661-6600,,www.rougepark.com/explore/interest/campground.php,10223028.0,,10223028.0,7450.0,Kingston Rd,7450 Kingston Rd,M1B 0B7,SCARBOROUGH,Toronto,Glen Rouge Campground,106001.0,30019302.0,7450.0,,,,3786.0,,,,,53,3838129.0,4,"Toronto's only campground, the Glen Rouge is surrounded by luscious forests and meadows. The campground implements seasonal full-service camping.",Imageplaceholder.jpg,Y,"{u'type': u'Point', u'coordinates': (-79.1373496223, 43.8048496348)}"
54,54,,Glenn Gould Studio,Performing Arts,416-205-5000,,www.music.cbc.ca/glenngould/concerts,10598280.0,,10598280.0,250.0,Front St W,250 Front St W,M5V 3G5,former TORONTO,Toronto,,115001.0,10598276.0,250.0,,,,3472.0,,,,,54,2650427.0,3,"Located on the main floor of the Canadian Broadcasting Centre,  the Glenn Gould Studio is a much-celebrated venue for its state of the art recording facilities and acoustics.",Imageplaceholder.jpg,Y,"{u'type': u'Point', u'coordinates': (-79.3877032026, 43.6444179128)}"
55,55,,Guild Park and Gardens (formely known as Guildwood Park),Nature/ Park,416-392-2489,,www1.toronto.ca/parks/prd/facilities/complex/406,6620192.0,,6620192.0,201.0,Guildwood Pkwy,201 Guildwood Pkwy,M1E 1P5,SCARBOROUGH,Toronto,Guildwood Park,115001.0,30090074.0,201.0,,,,8047.0,,,,,55,4173415.0,4,"A sculptural alluring park and garden, the Guild Park and Gardens is rich in local history and a must-see for locals and visitors alike.",Imageplaceholder.jpg,Y,"{u'type': u'Point', u'coordinates': (-79.1916662878, 43.7477160629)}"
56,146,,Toronto Coach Terminal,Transportation,311,,torontocoachterminal.com/,7792271.0,,7792271.0,610.0,Bay St,610 Bay St,M5G 1M5,former TORONTO,Toronto,,115001.0,7792266.0,610.0,,,,2962.0,,,,,146,2164073.0,2,The Toronto Coach Terminal provides travellers with bus service to various cities in North America.,Imageplaceholder.jpg,Y,"{u'type': u'Point', u'coordinates': (-79.3844290845, 43.6561740361)}"
57,56,Approximate address - Located on Toronto Island - take ferry from 9 Queen's Quay West to Hanlan's Point,Hanlan's Point Beach,Nature/ Park,416-392-8196,,app.toronto.ca/tpha/beach/3.html,8133591.0,,8133591.0,695.0,Lakeshore Ave,695 Lakeshore Ave,,former TORONTO,Toronto,,115001.0,30056595.0,695.0,,,,3802.0,,,,,56,3363008.0,3,"Situated on the west shore of Toronto Island Park, this beach is Toronto's only clothing optional beach.",HanlansPointBeach.jpg,Y,"{u'type': u'Point', u'coordinates': (-79.3912400131, 43.6192978864)}"
58,57,,Harbourfront Centre,Performing Arts,416-973-4000,,www.harbourfrontcentre.com,11226853.0,,11226853.0,235.0,Queens Quay W,235 Queens Quay W,M5J 2G8,former TORONTO,Toronto,,115001.0,14134888.0,235.0,,,,4244.0,,,,,57,1995833.0,1,"Popular 10-acre lakeside cultural site offers an eclectic blend of year-round arts, culture and recreation such as concerts, skating, music festivals and dance.",HarbourfrontCentre.jpg,Y,"{u'type': u'Point', u'coordinates': (-79.3831053215, 43.6392318608)}"
59,58,,Hart House Theatre,Performing Arts,416-978-8849,,www.harthouse.ca,8128861.0,,8128861.0,7.0,Hart House Crcl,7 Hart House Crcl,M5S 3H3,former TORONTO,Toronto,Hart House,102008.0,8128860.0,7.0,,,,9333.0,,,,,58,2984413.0,4,"A point of interest in the University of Toronto community, the Hart House Theatre and it's students produce an array of drama, dance, film, and music.",,N,"{u'type': u'Point', u'coordinates': (-79.3945637801, 43.6637119911)}"
60,59,,High Park,Nature/ Park,416-338-0338,,www.highparktoronto.com,10250060.0,,10250060.0,1873.0,Bloor St W,1873 Bloor St W,,former TORONTO,Toronto,High Park,106001.0,10250061.0,1873.0,,,,458.0,,,,,59,3837548.0,2,"High Park is one of Torontos largest parks, and attracts visitors each spring for the blooming of its famous cherry blossoms. It also contains attractions and amenities such as recreational programs, a local zoo, a unique playground and a pond.",HighPark.jpg,Y,"{u'type': u'Point', u'coordinates': (-79.4640866825, 43.6535695616)}"
61,60,,Historic Zion Schoolhouse,Museum,416-395-7435,,www1.toronto.ca/wps/portal/contentonly?vgnextoid,14070727.0,,14070727.0,1091.0,Finch Ave E,1091 Finch Ave E,M2J 2X3,NORTH YORK,Toronto,Historic Zion Schoolhouse - Building Grounds,107008.0,436952.0,1091.0,,,,5589.0,,,,,60,4061863.0,5,"Built in 1869, the Historic Zion Schoolhouse has been restored to emulate schooling as it once was in the farming  district of L'Amaroux",ZionSchoolHouse.jpg,Y,"{u'type': u'Point', u'coordinates': (-79.3634074026, 43.7903651548)}"
62,61,,Hockey Hall of Fame,Attraction,416-360-7765,,www.hhof.com,8676865.0,,8676865.0,30.0,Yonge St,30 Yonge St,M5E 1X8,former TORONTO,Toronto,,115001.0,8676863.0,30.0,,,,4733.0,,,,,61,1981812.0,1,"Unique to Toronto, and featuring the Stanley Cup, interactive exhibits, shows, and the finest collection of hockey artifacts in the world.",HHOF.jpg,Y,"{u'type': u'Point', u'coordinates': (-79.3773835215, 43.6471138408)}"
63,62,,HTO Park,Nature/ Park,416-392-8188,,www1.toronto.ca/wps/portal/contentonly?vgnextoid,14069050.0,,14069050.0,339.0,Queens Quay W,339 Queens Quay W,M5V 1A2,former TORONTO,Toronto,"Hto Park,Maple Leaf Quay",103005.0,10223459.0,339.0,,,,4244.0,,,,,62,4061713.0,3,"Facing the inner harbour with Toronto Island Park in clear viewing,  HTO Park includes an urban beach which is decorated with yellow umbrellas and Muskoka chairs.",HTOPark.jpg,Y,"{u'type': u'Point', u'coordinates': (-79.3886130164, 43.6376903109)}"
64,63,,Hudson's Bay,Landmark,1-800-521-2364,,www.thebay.com,8677040.0,,8677040.0,176.0,Yonge St,176 Yonge St,M5C 2L7,former TORONTO,Toronto,,115001.0,8676918.0,176.0,,,,4733.0,,,,,63,2103897.0,2,"Famously known as being North America's oldest company, the Hudson Bay is a chain of department stores  that operate throughout the country.",HudsonBay.jpg,Y,"{u'type': u'Point', u'coordinates': (-79.3802972397, 43.6517427018)}"
65,64,,Humber Arboretum,Nature/ Park,416-675-5009,,www.humberarboretum.on.ca/sites/pages/index1.html,12387605.0,,12387605.0,205.0,Humber College Blvd,205 Humber College Blvd,M9W 5L7,ETOBICOKE,Toronto,Humber College Athletic Centre,102006.0,20232386.0,205.0,,,,1827.0,,,,,64,3212518.0,4,"Located nearby the West Humber River Valley, the Humber Arboretum offers trails through environmentally-rich areas like forests, and wetlands.",Imageplaceholder.jpg,Y,"{u'type': u'Point', u'coordinates': (-79.6068398627, 43.7291665492)}"
66,65,,Humber Bay Park ( Humber Bay Butterfly Habitat),Nature/ Park,311,,www1.toronto.ca/parks/prd/facilities/complex/1074,11272401.0,,11272401.0,100.0,Humber Bay Park Rd W,100 Humber Bay Park Rd W,M8V 3X7,ETOBICOKE,Toronto,Humber Bay Park East,106008.0,30040668.0,100.0,,,,10882.0,,,,,65,4063710.0,4,"Located at a waterfront park at the mouth of Mimico Creek, the Humber Bay Butterfly Habitat is focused on providing habitat for an array of native butterfly species.",Imageplaceholder.jpg,Y,"{u'type': u'Point', u'coordinates': (-79.4810845355, 43.6187788611)}"
67,66,,INFOTOGO Tourist Info Trailer - Ferry Terminal,Visitor Information,311,,,8676757.0,,8676757.0,9.0,Queens Quay W,9 Queens Quay W,M5J 2H3,former TORONTO,Toronto,,108008.0,14678340.0,9.0,,,,4244.0,,,,,66,2756535.0,1,Seasonal tourist information trailer located near the Jack Layton Ferry Terminal.,Imageplaceholder.jpg,Y,"{u'type': u'Point', u'coordinates': (-79.3750914416, 43.6404411816)}"
68,67,,INFOTOGO Tourist Info Trailer - Nathan Phillips Square,Visitor Information,311,,,856375.0,,856375.0,100.0,Queen St W,100 Queen St W,M5H 2N1,former TORONTO,Toronto,Nathan Phillips Square,104001.0,1145216.0,100.0,,,,4238.0,,,,,67,3838404.0,1,Seasonal tourist information trailer located at the south-east corner of Nathan Phillips Square.,Imageplaceholder.jpg,Y,"{u'type': u'Point', u'coordinates': (-79.3836250552, 43.6528221423)}"
69,68,,INFOTOGO Tourist Info Trailer - Roundhouse Park,Visitor Information,311,,,14172191.0,,14172191.0,255.0,Bremner Blvd,255 Bremner Blvd,M5V 3M9,former TORONTO,Toronto,Roundhouse Park,115001.0,13975104.0,255.0,,,,11078.0,,,,,68,3836923.0,1,"Seasonal tourist information trailer located across from the CN Tower, on Roundhouse Park.",Imageplaceholder.jpg,Y,"{u'type': u'Point', u'coordinates': (-79.385566849, 43.6416921051)}"
70,69,,Isabel Bader Theatre,Performing Arts,416-585-4498,,www.theisabel.ca,20169543.0,,20169543.0,93.0,Charles St W,93 Charles St W,M5S 1K5,former TORONTO,Toronto,,102008.0,12631071.0,93.0,,,,3146.0,,,,,69,2862495.0,4,"Located at the University of Toronto, this multi-purpose venue seats 500 patrons whether it be for a lecture, workshop, or a theatrical production.",,N,"{u'type': u'Point', u'coordinates': (-79.3924187949, 43.6672986005)}"
71,70,,Jack Layton Ferry Terminal,Transportation,416-392-8193,,www1.toronto.ca/wps/portal/contentonly?vgnextoid,8676757.0,,8676757.0,9.0,Queens Quay W,9 Queens Quay W,M5J 2H3,former TORONTO,Toronto,,108008.0,14678340.0,9.0,,,,4244.0,,,,,70,2756535.0,1,"Located at the foot of Bay Street and Queens Quay West, the  Jack Layton Ferry Terminal acts as a commuting point to and from the Toronto Island Park with frequent ferry service.",JackLaytonFerryTerminal.jpg,Y,"{u'type': u'Point', u'coordinates': (-79.3750914416, 43.6404411816)}"
72,71,,James Garden Park,Garden / Conservatory,311,,www1.toronto.ca/parks/prd/facilities/complex/3,998509.0,,998509.0,61.0,Edgehill Rd,61 Edgehill Rd,M9A 4N1,ETOBICOKE,Toronto,Scarlett Mills Park,106005.0,909949.0,61.0,,,,1524.0,,,,,71,2331546.0,5,"Former estate gardens located in Toronto's west end that include rare trees, spring-fed pools, and other seasonal displays.",,N,"{u'type': u'Point', u'coordinates': (-79.5166972355, 43.6706917559)}"
73,72,,Japan Foundation,Museum,416-966-1600,,www.jftor.org,8535820.0,,8535820.0,2.0,Bloor St E,2 Bloor St E,M4W 1A8,former TORONTO,Toronto,,107010.0,30018013.0,2.0,,,,3020.0,,,,,72,3005179.0,4,A cultural establishment aiming towards effective development of its international cultural exchange programs in Japanese arts and cultural exchange.,,N,"{u'type': u'Point', u'coordinates': (-79.3855514828, 43.6707192601)}"
74,73,Located inside Beaches Park,Kew Balmy Beach,Nature/ Park,311,,app.toronto.ca/tpha/beach/9.html,7683571.0,,7683571.0,2075.0,Queen St E,2075 Queen St E,M4L 1J1,former TORONTO,Toronto,Kew Gardens,106001.0,7683563.0,2075.0,,,,4237.0,,,,,73,3835122.0,3,"Located at the foot of Bay Street and Queens Quay West, the  Jack Layton Ferry Terminal acts as a commuting point to and from the Toronto Island Park with frequent ferry service.",KewBalmyBeach.jpg,Y,"{u'type': u'Point', u'coordinates': (-79.2992926039, 43.6699895676)}"
75,74,,Kew Gardens Park,Nature/ Park,311,,www.kew.org/visit-kew-gardens,7683571.0,,7683571.0,2075.0,Queen St E,2075 Queen St E,M4L 1J1,former TORONTO,Toronto,Kew Gardens,106001.0,7683563.0,2075.0,,,,4237.0,,,,,74,3835122.0,3,"Located in The Beaches, Kew Gardens act as one of Toronto's most popular picnic grounds while having access to the boardwalk on the lakeshore.",Imageplaceholder.jpg,Y,"{u'type': u'Point', u'coordinates': (-79.2992926039, 43.6699895676)}"
76,75,,Koerner Hall (at the Telus Centre for Performance and Learning),Performing Arts,416-408-0208,,www.performance.rcmusic.ca,772768.0,,772768.0,273.0,Bloor St W,273 Bloor St W,M5S 1W2,former TORONTO,Toronto,,102007.0,8408552.0,273.0,,,,458.0,,,,,75,3829169.0,2,"Koerner Hall is a 1,135 seat venue to provide excellent acoustic sounds for all genres of music in its ""shoebox"" designed venue.",KoernerHall.jpg,Y,"{u'type': u'Point', u'coordinates': (-79.3960588162, 43.6678563063)}"
77,76,,Lower Ossington Theatre,Performing Arts,416-915-6747,,www.lowerossingtontheatre.com,14225628.0,,14225628.0,100.0,Ossington Ave,100 Ossington Ave,M6J 2Z4,former TORONTO,Toronto,,115001.0,10558391.0,100.0,,,,4125.0,,,,,76,1525753.0,3,"A theatrical hub for downtown Toronto's west end, the Lower Ossington Theatre is home to special presentations, rehearsals, and classes.",Imageplaceholder.jpg,Y,"{u'type': u'Point', u'coordinates': (-79.4199076611, 43.6463614755)}"
78,77,,Mackenzie House,Museum,416-392-6915,,www1.toronto.ca/wps/portal/contentonly?vgnextoid,773899.0,,773899.0,82.0,Bond St,82 Bond St,M5B 1X2,former TORONTO,Toronto,Mackenzie House - Building Grounds,107008.0,1144656.0,82.0,,,,3029.0,,,,,77,3838139.0,3,"Mackenzie House is the restored home of William Lyon Mackenzie, Toronto's first Mayor. It is one of 10 museums operated by the City of Toronto.",MackenzieHouse.jpg,Y,"{u'type': u'Point', u'coordinates': (-79.3784543937, 43.6556805604)}"
79,78,,Marie Curtis Park East Beach,Nature/ Park,311,,app.toronto.ca/tpha/beach/1.html,14077509.0,,14077509.0,2.0,Forty Second St,2 Forty Second St,,ETOBICOKE,Toronto,Marie Curtis Park,106001.0,914923.0,2.0,,,,1631.0,,,,,78,1725205.0,4,Located at the mouth of Etobicoke Creek near the foot of Forty-Second Street. Most users of this beach come from the bordering Long Branch community.,Imageplaceholder.jpg,Y,"{u'type': u'Point', u'coordinates': (-79.5420784935, 43.5867615666)}"
80,79,,Massey Hall,Performing Arts,416-872-4255,,www.masseyhall.com,7642517.0,,7642517.0,178.0,Victoria St,178 Victoria St,M5B 1T7,former TORONTO,Toronto,Massey Hall,107010.0,7642502.0,178.0,,,,9790.0,,,,,79,3323556.0,1,"Declared a heritage building in  the 1970s, this live events venue acts as a performance venue for various artists.",MasseyHall.jpg,Y,"{u'type': u'Point', u'coordinates': (-79.378770179, 43.6538168774)}"
81,80,,Mattamy Athletic Centre,Sports / Entertainment Venue,416-979-5339,,www.mattamyathleticcentre.ca/,30018522.0,,30018522.0,50.0,Carlton St,50 Carlton St,M5B 1J2,former TORONTO,Toronto,Ryerson University,102008.0,14023522.0,50.0,,,,3116.0,,,,,80,3326694.0,3,"Mattamy Athletic Centre is located within Maple Leafs Garden and is home to the Ryerson Ram's basketball, hockey and volleyball teams.",Mattamy.jpg,Y,"{u'type': u'Point', u'coordinates': (-79.3803140957, 43.661819191)}"
82,81,,Medieval Times Dinner and Tournament,Performing Arts,1-866-543-9637,,www.medievaltimes.com,13497566.0,,13497566.0,10.0,Dufferin St,10 Dufferin St,M6K 3C3,former TORONTO,Toronto,"CNE Arts, Crafts & Hobbies",107007.0,20231260.0,10.0,,,,557.0,,,,,81,1724342.0,2,"A family dinner theatre featuring staged medieval-style games, sword-fighting, and jousting performed by a cast of actors and horses.",MedievalTimes.jpg,Y,"{u'type': u'Point', u'coordinates': (-79.4255063761, 43.6326972354)}"
83,82,,Metro Toronto Convention Centre,Convention & Trade Centres,416-585-8000,,www.mtccc.com,13977191.0,,13977191.0,222.0,Bremner Blvd,222 Bremner Blvd,M5V 3L9,former TORONTO,Toronto,"Olympic Park,Olympic Gardens",107002.0,13975104.0,222.0,,,,11078.0,,,,,82,4061888.0,1,"Offers more than 600,000 square feet of large exhibit, event, and meeting space.",MTCC..jpg,Y,"{u'type': u'Point', u'coordinates': (-79.3848971617, 43.6426845453)}"
84,83,,Montgomery's Inn,Museum,416-394-8113,,www.montgomerysinn.com/,9340380.0,,9340380.0,4709.0,Dundas St W,4709 Dundas St W,M9A 1A8,ETOBICOKE,Toronto,Montgomery's Inn,107008.0,30031177.0,4709.0,,,,558.0,,,,,83,3230370.0,3,"A museum that was once a historic home, visitors can delve into the lifestyle of a 19th century Irish farm family with access to the bedrooms, kitchen wing and much more.",MontgomerysInn.jpg,Y,"{u'type': u'Point', u'coordinates': (-79.5256587462, 43.6516789147)}"
85,84,,MuchMusic (Bell Media Queen Street),Landmark,416-591-5757,,www.much.com,3948802.0,,3948802.0,299.0,Queen St W,299 Queen St W,M5V 2Z5,former TORONTO,Toronto,,104008.0,3948809.0,299.0,,,,4238.0,,,,,84,3079761.0,2,A Canadian television channel dedicated to engaging the youth through popular music and popular television series.,MuchMusic.jpg,Y,"{u'type': u'Point', u'coordinates': (-79.3903772807, 43.649551683)}"
86,85,,Museum of Contemporary Canadian Art (re-opening Fall 2017),Gallery,416-395-0067,,www.mocca.ca,8038152.0,,8038152.0,158.0,Sterling Rd,158 Sterling Rd,M6R 2B8,former TORONTO,Toronto,,115001.0,8038141.0,158.0,,,,4486.0,,,,,85,2100309.0,4,"A variety of original and thought-provoking exhibitions, promoting innovative art by Canadian and international artists. Over 800 artists have been featured in more than 80 exhibitions and projects.",,N,"{u'type': u'Point', u'coordinates': (-79.4459627885, 43.6545895487)}"
87,86,,Mysteriously Yours Mystery Dinner Theatre,Performing Arts,416-486-7469,,www.mysteriouslyyours.com,10430693.0,,10430693.0,2026.0,Yonge St,2026 Yonge St,M4S 1Z9,former TORONTO,Toronto,,115001.0,10430691.0,2026.0,,,,4733.0,,,,,86,2489893.0,3,Mysteriously Yours. Mystery Dinner Theatre is a murder mystery dinner theatre located in Uptown Toronto.,MysteriouslyYours.jpg,Y,"{u'type': u'Point', u'coordinates': (-79.3975329272, 43.70118421)}"
88,87,,Native Earth Performing Arts,Performing Arts,416-531-1402,,www.nativeearth.ca,30022280.0,,30022280.0,585.0,Dundas St E,585 Dundas St E,M5A 2B7,former TORONTO,Toronto,,100002.0,30025387.0,585.0,,,,3334.0,,,,,87,3217102.0,5,Native Earth Performing Arts is a theatre company devoted to the artistic expression of the Indigenous experience.,Imageplaceholder.jpg,Y,"{u'type': u'Point', u'coordinates': (-79.3619415184, 43.6600859189)}"
89,88,,Old City Hall,Landmark,311,,www.toronto.ca/old_cityhall/old_cityhall_tour.htm,8068212.0,,8068212.0,60.0,Queen St W,60 Queen St W,M5H 2M3,former TORONTO,Toronto,Old City Hall - Building Grounds,104001.0,8068215.0,60.0,,,,4238.0,,,,,88,3838088.0,1,"Old City Hall is a landmark building that was used as Toronto's second City Hall and is a great example of beautiful architecture. Today, it is used as a courthouse.",OldCityHall.jpg,Y,"{u'type': u'Point', u'coordinates': (-79.3817519808, 43.6521038651)}"
90,89,,Onsite [at] OCADU (opening September 2017),Gallery,416-977-6000,,www.ocadu.ca/exhibitions/onsite.htm,7929608.0,,7929608.0,199.0,Richmond St W,199 Richmond St W,M5V 0H4,former TORONTO,Toronto,,104008.0,14025348.0,199.0,,,,4277.0,,,,,89,2662467.0,3,Onsite [at] OCAD U provides the opportunity and space of an art gallery to exhibit students contemporary work.,OnsiteatOCADULogo.jpg,Y,"{u'type': u'Point', u'coordinates': (-79.3884089838, 43.6494177195)}"
91,90,,Ontario Science Centre,Attraction,416-696-1000,,www.ontariosciencecentre.ca,507987.0,,507987.0,770.0,Don Mills Rd,770 Don Mills Rd,M3C 1T3,NORTH YORK,Toronto,Ontario Science Centre,107010.0,445100.0,770.0,,,,100.0,,,,,90,2925984.0,1,"Home to fascinating interactive experiences with over 500 engaging exhibits, live demonstrations, IMAX films, and Torontos only public planetarium.",OntarioScienceCentre.jpg,Y,"{u'type': u'Point', u'coordinates': (-79.3381457354, 43.7164440029)}"
92,91,,Osgoode Hall,Landmark,416-947-3300,,www.osgoode.yorku.ca,14200071.0,,14200071.0,130.0,Queen St W,130 Queen St W,M5H 2N6,former TORONTO,Toronto,,115001.0,1145285.0,130.0,,,,4238.0,,,,,91,1842308.0,3,"Constructed in the 19th century, Osgoode Hall acts as the judicial landmark of Toronto, with institutions like the Ontario Court of Appeal, the Law Society of Upper Canada, and the Divisional Court of the Superior Court of Justice.",OsgoodeHall.jpg,Y,"{u'type': u'Point', u'coordinates': (-79.3849478395, 43.6516693002)}"
93,92,,Panasonic Theatre,Performing Arts,416-872-1212,,www.mirvish.com/theatres/panasonictheatre,9941951.0,,9941951.0,651.0,Yonge St,651 Yonge St,M4Y 1Z9,former TORONTO,Toronto,,115001.0,9941835.0,651.0,,,,4733.0,,,,,92,1888490.0,3,"Owned by Mirvish Productions, the Panasonic Theatre is the home of many famous theatrical productions.",PanasonicTheatre.jpg,Y,"{u'type': u'Point', u'coordinates': (-79.385554399, 43.66811417)}"
94,93,,Papermill Theatre (at Todmorden Mills),Performing Arts,416-396-2819,,http://www1.toronto.ca/wps/portal/contentonly?vgnextoid=93221d18ed7a0410VgnVCM10000071d60f89RCRD,10833995.0,,10833995.0,67.0,Pottery Rd,67 Pottery Rd,M4K 2B9,EAST YORK,Toronto,Todmorden Mills Park,107008.0,10833994.0,67.0,,,,293.0,,,,,93,4138865.0,4,"Papermill Theatre is a recently renovated space that seats 164 and offers a retractable seating unit, two fully furnished dressing rooms and an LCD projector.",,N,"{u'type': u'Point', u'coordinates': (-79.3603340145, 43.6863612341)}"
95,94,,PawsWay Toronto (closing September 2017),Attraction,416-360-7297,,www.pawsway.ca,11226857.0,,11226857.0,245.0,Queens Quay W,245 Queens Quay W,M5J 2K9,former TORONTO,Toronto,,115001.0,14134888.0,245.0,,,,4244.0,,,,,94,1622783.0,3,"PawsWay is a unique centre dedicated to pets. The centre holds exhibits, special events and programming for pet owners and pet lovers alike.",Pawsway.jpg,Y,"{u'type': u'Point', u'coordinates': (-79.3851632809, 43.6388780141)}"
96,95,,Polson Pier,Attraction,416-469-5655,,www.polsonpier.com,9213006.0,,9213006.0,11.0,Polson St,11 Polson St,M5A 1A4,former TORONTO,Toronto,,115001.0,9213005.0,11.0,,,,4205.0,,,,,95,2756589.0,3,"Located on the water, the Polson Pier is a waterfront property that includes a drive-in cinema, patio bar, concert venues, and much more.",PolsonPier.jpg,Y,"{u'type': u'Point', u'coordinates': (-79.3547022141, 43.6410870214)}"
97,96,,Princess of Wales Theatre,Performing Arts,416-872-1212,,www.mirvish.com/theatres/princessofwalestheatre,10180377.0,,10180377.0,300.0,King St W,300 King St W,M5V 1J2,former TORONTO,Toronto,,115001.0,10180374.0,300.0,,,,3780.0,,,,,96,1701544.0,1,Owned by Mirvish Productions. The Princess of Wales Theatre opened in 1993 and is the home  of many famous theatrical productions,PrincessofWales.jpg,Y,"{u'type': u'Point', u'coordinates': (-79.3893194756, 43.6470455931)}"
98,97,,Queen Elizabeth Theatre,Performing Arts,416-461-3625,,www.queenelizabeththeatre.ca,13497595.0,,13497595.0,190.0,Princes' Blvd,190 Princes' Blvd,M6K 3C3,former TORONTO,Toronto,,107007.0,20230465.0,190.0,,,,20228.0,,,,,97,4163956.0,4,"Located at Exhibition Place, the Queen Elizabeth Theatre is an auditorium that is the venue for various entertainment events",,N,"{u'type': u'Point', u'coordinates': (-79.4213782065, 43.632728154)}"
99,98,,Queen's Park: Legislative Assembly of Ontario,Landmark,416-325-7500,,www.ontla.on.ca,8128867.0,,8128867.0,111.0,Wellesley St W,111 Wellesley St W,M7A 1A2,former TORONTO,Toronto,,115001.0,30030173.0,111.0,,,,4649.0,,,,,98,3228046.0,2,"A variety of free tour options are available all year round to visit Ontarios historic Legislative Building (iconic sandstone Richardson Romanesque style building, completed in 1893).",QueensPark.jpg,Y,"{u'type': u'Point', u'coordinates': (-79.3917587359, 43.6631265237)}"
100,99,,Randolph Academy of the Performing Arts,Performing Arts,416-263-3293,,www.randolphacademy.com,6924860.0,,6924860.0,736.0,Bathurst St,736 Bathurst St,M5S 2R4,former TORONTO,Toronto,,109001.0,6924849.0,736.0,,,,436.0,,,,,99,1515880.0,4,Over the last 20 years the Randolph Academy has trained various performers for all major theatre productions in Toronto. These shows have included Lord of the Rings and Dirty Dancing.,,N,"{u'type': u'Point', u'coordinates': (-79.4108767473, 43.6635865146)}"
101,100,,Redpath Sugar Museum,Museum,416-366-3561,,www.redpathsugar.com,8351189.0,,8351189.0,95.0,Queens Quay E,95 Queens Quay E,M5E 1A3,former TORONTO,Toronto,,115001.0,8351188.0,95.0,,,,4243.0,,,,,100,2740306.0,4,"Located inside the Redpath Refinery, the Redpath Sugar Museum is for those interested in the history of sugar, the development and the role of the Redpath family in Canada's industry sector, and much more.",Imageplaceholder.jpg,Y,"{u'type': u'Point', u'coordinates': (-79.3703978848, 43.6425484264)}"
102,101,,Ricoh Coliseum,Sports / Entertainment Venue,416-263-3900,,www.ricohcoliseum.com,13497818.0,,13497818.0,45.0,Manitoba Dr,45 Manitoba Dr,M6K 3C3,former TORONTO,Toronto,CNE Ricoh Coliseum,107007.0,30060515.0,45.0,,,,3906.0,,,,,101,3800212.0,2,"Located at Exhibition Place, the Ricoh Coliseum is home to the Toronto Marlies (American Hockey League) and concerts.",RicohColiseum.jpg,Y,"{u'type': u'Point', u'coordinates': (-79.4150908068, 43.6357915185)}"
103,102,,Ripley's Aquarium of Canada,Attraction,647-351-3474,,www.ripleyaquariums.com/canada,30025661.0,,30025661.0,288.0,Bremner Blvd,288 Bremner Blvd,M5V 3L9,former TORONTO,Toronto,,106008.0,13975104.0,288.0,,,,11078.0,,,,,102,3212213.0,1,"Canadas largest aquarium. Interactive attractions feature over 5.7 million litres of water and more than 16,000 marine animals.",RipleysAquarium.jpg,Y,"{u'type': u'Point', u'coordinates': (-79.3860348666, 43.6423786123)}"
104,103,,Riverdale Farm,Attraction,416-392-6794,,www1.toronto.ca/wps/portal/contentonly?vgnextoid,7684079.0,,7684079.0,201.0,Winchester St,201 Winchester St,M4X 1B8,former TORONTO,Toronto,,106001.0,30098184.0,201.0,,,,4697.0,,,,,103,4240791.0,3,"On 7.5 acres, Riverdale Farm is an historic working farm with many scenic pathways and farm animals.",RiverdaleFarm.jpg,Y,"{u'type': u'Point', u'coordinates': (-79.3610523589, 43.667321126)}"
105,104,,Riverdale Park (East and West),Nature/ Park,416-392-2489,,www1.toronto.ca/parks/prd/facilities/complex/344,4840437.0,,4840437.0,550.0,Broadview Ave,550 Broadview Ave,,former TORONTO,Toronto,Riverdale Park East,115001.0,4840438.0,550.0,,,,44.0,,,,,104,3836161.0,3,"A Toronto park that is great for all seasons. Riverdale Park West has three multipurpose sport fields, seven tennis courts, an outdoor ice rink, two baseball diamonds, and much more.",Imageplaceholder.jpg,Y,"{u'type': u'Point', u'coordinates': (-79.3545852527, 43.6708210267)}"
106,105,,Rogers Centre,Sports / Entertainment Venue,416-341-1000,,www.rogerscentre.com,5866193.0,,5866193.0,1.0,Blue Jays Way,1 Blue Jays Way,M5V 1J4,former TORONTO,Toronto,Rogers Centre,106008.0,30064794.0,1.0,,,,11088.0,,,,,105,3819271.0,1,The Rogers Centre is a multipurpose venue. Home to the Toronto Blue Jays (Major League Baseball) and the Toronto Argonauts (Canadian Football League).,RogersCentre.jpg,Y,"{u'type': u'Point', u'coordinates': (-79.3893710862, 43.6421787286)}"
107,106,,Rosetta McClain Gardens,Nature/ Park,416-392-8188,,www1.toronto.ca/parks/prd/facilities/complex/19,2893748.0,,2893748.0,5.0,Glen Everest Rd,5 Glen Everest Rd,M1N 1J2,SCARBOROUGH,Toronto,Rosetta McClain Gardens,106001.0,30074994.0,5.0,,,,7980.0,,,,,106,4094638.0,4,"The Rosetta McClain Gardens is a great place to safely see the Scarborough Bluffs and has beautiful rose gardens. There are signs available in braille, textured paths, raised planters, and a ramp to ensure accessibility.",Imageplaceholder.jpg,Y,"{u'type': u'Point', u'coordinates': (-79.2556513126, 43.697416812)}"
108,107,,Rouge Beach,Nature/ Park,311,,www.rougepark.com/explore/interest/rouge_beach.php,20044128.0,,20044128.0,195.0,Rouge Hills Dr,195 Rouge Hills Dr,M1C 2Y9,SCARBOROUGH,Toronto,Rouge Park - Rouge Beach Park,106001.0,30059747.0,195.0,,,,8843.0,,,,,107,4061645.0,3,"One of Toronto's designated swimming beaches, Rouge Beach has two distinct areas a white sand beach and a marsh habitat.",RougeBeach.jpg,Y,"{u'type': u'Point', u'coordinates': (-79.1213969937, 43.7916688519)}"
109,108,,Rouge Park,Nature/ Park,416-264-2020,,www.pc.rougepark.com/,6349679.0,,6349679.0,1749.0,Meadowvale Rd,1749 Meadowvale Rd,M1B 5W8,SCARBOROUGH,Toronto,Rouge Valley Conservation Centre,115001.0,6349680.0,1749.0,,,,8470.0,,,,,108,3809023.0,3,"Soon to be Canada's first national park within an urban area, the park is Toronto's largest. It features hiking trails, a campground and Rouge Beach.",RougePark.jpg,Y,"{u'type': u'Point', u'coordinates': (-79.1718626987, 43.8183755854)}"
110,109,,Roy Thomson Hall,Performing Arts,416-872-4255,,www.roythomson.com,868439.0,,868439.0,60.0,Simcoe St,60 Simcoe St,M5J 2H5,former TORONTO,Toronto,Roy Thomson Hall,107010.0,1146180.0,60.0,,,,4411.0,,,,,109,2690432.0,1,"Opened in 1982, Roy Thomson Hall is home of the Toronto Symphony Orchestra and the Toronto Mendelssohn Choir.",RoyThompsonHall.jpg,Y,"{u'type': u'Point', u'coordinates': (-79.3864505488, 43.6466986932)}"
111,110,,Royal Alexandra Theatre,Performing Arts,416-872-1212,,www.mirvish.com/theatres/royalalexandratheatre,7929660.0,,7929660.0,260.0,King St W,260 King St W,M5V 1H9,former TORONTO,Toronto,,107002.0,7929656.0,260.0,,,,3780.0,,,,,110,2869253.0,1,Owned by Mirvish Productions. The Royal Alexandra Theatre built in beaux-arts architectural style in 1907. It is home to numerous performances and performers.,RoyalAlexandra.jpg,Y,"{u'type': u'Point', u'coordinates': (-79.3876422176, 43.6474504946)}"
112,111,,Royal Conservatory of Music,Performing Arts,416-408-0208,,www.rcmusic.ca,772768.0,,772768.0,273.0,Bloor St W,273 Bloor St W,M5S 1W2,former TORONTO,Toronto,,102007.0,8408552.0,273.0,,,,458.0,,,,,111,3829169.0,2,The Toronto Conservatory of Music was founded in 1886.,RoyalConservatory.jpg,Y,"{u'type': u'Point', u'coordinates': (-79.3960588162, 43.6678563063)}"
113,112,,Royal Ontario Museum,Museum,416-586-8000,,www.rom.on.ca,30022473.0,,30022473.0,100.0,Queen's Park,100 Queen's Park,M5S 2C6,former TORONTO,Toronto,,107008.0,8408484.0,100.0,,,,11267.0,,,,,112,3268694.0,1,"Canadas largest museum of natural history and world cultures, presents engaging galleries of art, archaeology, and natural science from around the world.",ROM.jpg,Y,"{u'type': u'Point', u'coordinates': (-79.3942122936, 43.6677953927)}"
114,113,,Ryerson Image Centre,Gallery,416-979-5164,,www.ryerson.ca/ric,30022231.0,,30022231.0,33.0,Gould St,33 Gould St,M5B 1E9,former TORONTO,Toronto,,104008.0,7641727.0,33.0,,,,3563.0,,,,,113,3029307.0,3,"The RIC is dedicated to the public exhibition, research, study and teaching of photography including, installation art and film and media.",RyersonImageCentre.jpg,Y,"{u'type': u'Point', u'coordinates': (-79.3792622947, 43.6576623887)}"
115,114,,Ryerson Theatre,Performing Arts,416-979-5009,,www.ryerson.ca/theatre,7641981.0,,7641981.0,43.0,Gerrard St E,43 Gerrard St E,,former TORONTO,Toronto,,115001.0,7642005.0,43.0,,,,3495.0,,,,,114,3091475.0,4,"Ryerson Theatre is home to various productions which includes concerts, film presentations, and Ryerson Theatre and Fashion Schools productions.",,N,"{u'type': u'Point', u'coordinates': (-79.3790535049, 43.659592876)}"
116,115,4th Floor,Sarah and Chaim Neuberger Holocaust Education Centre,Museum,416-631-5683,,www.holocaustcentre.com,487321.0,,487321.0,4600.0,Bathurst St,4600 Bathurst St,M2R 3V3,NORTH YORK,Toronto,,104008.0,439530.0,4600.0,,,,436.0,,,,,115,3154829.0,5,"The Sarah and Chaim Neuberger Holocaust Education Centre provides all its visitors a complete understanding of the Holocaust.30, 000 students pass through its doors during educational trips.",,N,"{u'type': u'Point', u'coordinates': (-79.4411199605, 43.7645028952)}"
117,116,,Scarborough Museum,Museum,416-338-8807,,www1.toronto.ca/wps/portal/contentonly?vgnextoid,13967651.0,,13967651.0,1007.0,Brimley Rd,1007 Brimley Rd,M1P 3E8,SCARBOROUGH,Toronto,Scarborough Museum,107008.0,30039278.0,1007.0,,,,7435.0,,,,,116,3301567.0,3,The Scarborough Museum and its gardens are located within Thomson Memorial Park.It is one of 10 museums operated by the City of Toronto.The Museum looks back on the story of Scarborough's roots and history.,ScarboroughMuseum.jpg,Y,"{u'type': u'Point', u'coordinates': (-79.2564343199, 43.758044503)}"
118,117,,Scarborough Village Theatre,Performing Arts,416-267-9292,,www.theatrescarborough.com,5045390.0,,5045390.0,3600.0,Kingston Rd,3600 Kingston Rd,M1M 1R9,SCARBOROUGH,Toronto,Scarborough Village Recreation Centre - Building Grounds,106007.0,5041127.0,3600.0,,,,3786.0,,,,,117,3838356.0,4,"Theatre Scarborough is an umbrella organization consisting of Scarborough Music Theatre, Scarborough Players, and Scarborough Theatre Guild. Performances take place at the Scarborough Village Community Centre.",Imageplaceholder.jpg,Y,"{u'type': u'Point', u'coordinates': (-79.2167581187, 43.7399913153)}"
119,118,,Solar Stage Children's Theatre,Performing Arts,416-368-8031,,www.solarstage.on.ca,578559.0,,578559.0,4950.0,Yonge St,4950 Yonge St,M2N 6K1,NORTH YORK,Toronto,,104008.0,439411.0,4950.0,,,,4733.0,,,,,118,1881534.0,5,Solar Stage Children's Theatre is dedicated to providing theatrical presentations for children.,,N,"{u'type': u'Point', u'coordinates': (-79.412676012, 43.764820411)}"
120,119,,Sony Centre for the Performing Arts,Performing Arts,416-368-6161,,www.sonycentre.ca,11070359.0,,11070359.0,1.0,Front St E,1 Front St E,M5E 1B2,former TORONTO,Toronto,Sony Centre,107010.0,11070358.0,1.0,,,,3471.0,,,,,119,3311717.0,2,"The Sony Centre for the Performing Arts  is a performing arts venue with a range of events that include concerts, dance, and much more.",SonyCentre.jpg,Y,"{u'type': u'Point', u'coordinates': (-79.3761983332, 43.6465796286)}"
121,120,,Spadina Museum,Museum,416-392-6910,,www1.toronto.ca/wps/portal/contentonly?vgnextoid,7986457.0,,7986457.0,285.0,Spadina Rd,285 Spadina Rd,M5R 2V5,former TORONTO,Toronto,Spadina Museum - Historic House And Gardens - Building Grounds,107008.0,7986453.0,285.0,,,,4428.0,,,,,120,3838338.0,2,"Operated by the City of Toronto, the Spadina Museum is a historic manor house that allows visitors to learn about the history and architecture of  late 19th century to early 20th century Toronto.",SpadinaMuseum.jpg,Y,"{u'type': u'Point', u'coordinates': (-79.4083276281, 43.6790280407)}"
122,121,,St. James Park,Nature/ Park,416-392-2489,,www1.toronto.ca/parks/prd/facilities/complex/408,8344747.0,,8344747.0,120.0,King St E,120 King St E,,former TORONTO,Toronto,St. James Park,106001.0,30097829.0,120.0,,,,3779.0,,,,,121,4238743.0,3,"A large green space, home to a Victorian garden, live performances, and is a popular spot for photos. The park is adjacent to historic St. James Cathedral.",Imageplaceholder.jpg,Y,"{u'type': u'Point', u'coordinates': (-79.3725738709, 43.6505679125)}"
123,122,,St. Lawrence Centre for the Arts,Performing Arts,416-366-1656,,www.stlc.com,8351140.0,,8351140.0,27.0,Front St E,27 Front St E,M5E 1B4,former TORONTO,Toronto,,115001.0,14254949.0,27.0,,,,3471.0,,,,,122,3128630.0,3,"Home to  two theatres, the Bluma Appel Theatre and the Jane Mallett Theatre, the St. Lawrence Centre for the Arts is the home to various artistic and public events.",StLawrenceCentre.jpg,Y,"{u'type': u'Point', u'coordinates': (-79.3752142347, 43.647405298)}"
124,123,,St. Lawrence Market and Market Gallery,Attraction,416-392-7219,,www.stlawrencemarket.com/.../about_the_market_gallery_and_antique,11075760.0,,11075760.0,95.0,Front St E,95 Front St E,M5E 1C2,former TORONTO,Toronto,,115001.0,11075761.0,95.0,,,,3471.0,,,,,123,1977101.0,1,"Voted best fresh food market in the world by National Geographic in 2012, Torontos historic and premier market also includes The Market Gallery, housed within part of Torontos original 19th century City Hall.",StLawrenceMarket.jpg,Y,"{u'type': u'Point', u'coordinates': (-79.3714937128, 43.6491812588)}"
125,124,,Steam Whistle Brewery,Attraction,416-362-2337,,www.steamwhistle.ca,14172191.0,,14172191.0,255.0,Bremner Blvd,255 Bremner Blvd,M5V 3M9,former TORONTO,Toronto,Roundhouse Park,115001.0,13975104.0,255.0,,,,11078.0,,,,,124,3836923.0,3,"A microbrewery located in downtown Toronto, Steam Whistle Brewery produces a premium pale lager composed of only four ingredients.",SteamWhistleBrewing.jpg,Y,"{u'type': u'Point', u'coordinates': (-79.385566849, 43.6416921051)}"
126,125,,Sugar Beach Park,Nature/ Park,311,,www.waterfrontoronto.ca/explore_projects2/east.../canadas_sugar_beach,30017889.0,,30017889.0,11.0,Dockside Dr,11 Dockside Dr,,former TORONTO,Toronto,Sugar Beach Park,106001.0,30068335.0,11.0,,,,19432.0,,,,,125,4163708.0,3,Sugar Beach is one of Toronto's urban beach parks. Famous for its pink umbrellas and Muskoka chairs.,SugarBeach.jpg,Y,"{u'type': u'Point', u'coordinates': (-79.3675445416, 43.6435656234)}"
127,126,,Sunnyside Beach,Nature/ Park,311,,www1.toronto.ca/parks/prd/facilities/complex/394,6814671.0,,6814671.0,1755.0,Lake Shore Blvd W,1755 Lake Shore Blvd W,M6S 5A3,former TORONTO,Toronto,Sunnyside Park,106001.0,30021714.0,1755.0,,,,1962.0,,,,,126,3025447.0,3,"One of Toronto's designated swimming beaches, Sunnyside Beach provides rowers and paddlers calm waters with an offshore break wall.",SunnysideBeach.jpg,Y,"{u'type': u'Point', u'coordinates': (-79.4574301649, 43.6377001319)}"
128,127,,Taras H. Shevchenko Museum,Museum,416-531-1827,,www.infoukes.com/shevchenkomuseum,11394917.0,,11394917.0,1614.0,Bloor St W,1614 Bloor St W,M6P 1A7,former TORONTO,Toronto,,115001.0,14041669.0,1614.0,,,,458.0,,,,,127,4126953.0,5,The Taras H. Shevchenko Museum is the home to  exhibitions dedicated to the contribution of Ukrainians in Canada and the life of famed writer Taras Shevchenko.,,N,"{u'type': u'Point', u'coordinates': (-79.4555018074, 43.6558811145)}"
129,128,,Tarragon Theatre,Performing Arts,416-531-1827,,www.tarragontheatre.com,7994659.0,,7994659.0,30.0,Bridgman Ave,30 Bridgman Ave,M5R 1X3,former TORONTO,Toronto,,107002.0,7994658.0,30.0,,,,3060.0,,,,,128,2754414.0,3,The Tarragon Theatre is a performing arts centre  notable for the development of playwrights. Over 170 works have premiered at the theatre.,Imageplaceholder.jpg,Y,"{u'type': u'Point', u'coordinates': (-79.4128600054, 43.6749039499)}"
130,129,,Textile Museum of Canada,Museum,416-599-5321,,www.textilemuseum.ca,7792171.0,,7792171.0,55.0,Centre Ave,55 Centre Ave,M5G 2H5,former TORONTO,Toronto,,100001.0,7792167.0,55.0,,,,9796.0,,,,,129,2976162.0,3,"With more than 13,000 objects from more than 200 countries and regions, the Textile Museum of Canada celebrates cultural diversity through traditional fabrics, garments, carpets and related artifacts such as beadwork and basketry.",TextileMuseum.jpg,Y,"{u'type': u'Point', u'coordinates': (-79.3866524709, 43.6545787562)}"
131,130,,The 48th Highlanders Museum,Museum,416-979-7799,,www.48highlanders.com/museum.htm,868441.0,,868441.0,73.0,Simcoe St,73 Simcoe St,M5J 1W9,former TORONTO,Toronto,,100001.0,1146180.0,73.0,,,,4411.0,,,,,130,2235601.0,5,"This museum is dedicated to one of Canada's famous military regiments. The museum holds historical artifacts dating from Victorian Toronto in 1891, when the 48th Highlanders was formed, to the present day.",,N,"{u'type': u'Point', u'coordinates': (-79.3855527166, 43.6467796473)}"
132,131,,The Bata Shoe Museum,Museum,416-979-7799,,www.batashoemuseum.ca,8408594.0,,8408594.0,327.0,Bloor St W,327 Bloor St W,M5S 1W7,former TORONTO,Toronto,,115001.0,8408589.0,327.0,,,,458.0,,,,,131,2243147.0,1,"Home to hundreds of shoes (from a collection numbering over 13,000). The museum celebrates the style and function of footwear in impressive galleries from ancient Egypt to modern fashion.",BataShoeMuseum.jpg,Y,"{u'type': u'Point', u'coordinates': (-79.400148377, 43.6672322167)}"
133,132,,The Danforth Music Hall,Performing Arts,416-778-8163,,www.thedanforth.com,14075977.0,,14075977.0,147.0,Danforth Ave,147 Danforth Ave,M4K 1N2,former TORONTO,Toronto,,115001.0,11046582.0,147.0,,,,86.0,,,,,132,2653715.0,3,"The Music Hall boasts new theatre seats, state-of-art sound and lighting and a completely renovated backstage area.",DanforthMusicHall.jpg,Y,"{u'type': u'Point', u'coordinates': (-79.357021559, 43.6761994023)}"
134,133,(Mill Street and Parliament),The Distillery Historic District,Landmark,416-364-1177,,www.thedistillerydistrict.com/,30031582.0,,30031582.0,55.0,Mill St,55 Mill St,M5A 3C4,former TORONTO,Toronto,,115001.0,1145341.0,55.0,,,,9816.0,,,,,133,3231660.0,1,"A pedestrian-only historic area that represents the largest and best preserved collection of Victorian Industrial Architecture in North America. The refurbished warehouses are now home to restaurants, bars, galleries, studios, and a theatre.",DistilleryDistrict.jpg,Y,"{u'type': u'Point', u'coordinates': (-79.359661917, 43.6506386724)}"
135,134,,The Power Plant Contemporary Art Gallery,Gallery,416-538-0988,,http://www.thepowerplant.org/,20141759.0,,20141759.0,231.0,Queens Quay W,231 Queens Quay W,M5J 2G8,former TORONTO,Toronto,,107002.0,14134888.0,231.0,,,,4244.0,,,,,134,2585330.0,4,"Dedicated to contemporary art, the Power Plant is a free public gallery located at the Harbourfront Centre.",,N,"{u'type': u'Point', u'coordinates': (-79.3821578489, 43.6386705432)}"
136,135,,The Second City,Performing Arts,416-343-0011,,http://www.secondcity.com/shows/toronto/,20040556.0,,20040556.0,51.0,Mercer St,51 Mercer St,M5V 1H2,former TORONTO,Toronto,Second City Theatre,107002.0,30059744.0,51.0,,,,3980.0,,,,,135,3795500.0,1,Second City produces premiere comedy performances and operates a training centre.,SecondCity.jpg,Y,"{u'type': u'Point', u'coordinates': (-79.3915369916, 43.6453741484)}"
137,136,,The Theatre Centre,Performing Arts,416-504-7529,,http://theatrecentre.org/,856913.0,,856913.0,1115.0,Queen St W,1115 Queen St W,M6J 1J1,former TORONTO,Toronto,,104008.0,1146609.0,1115.0,,,,4238.0,,,,,136,2475980.0,5,"The Theatre Centre supports artists who wish to develop works of an experimental or alternative nature. All their artists embrace the visual arts, music, dance and new media.",,N,"{u'type': u'Point', u'coordinates': (-79.423282309, 43.6430992182)}"
138,137,,The Village Playhouse,Performing Arts,416-599-8433,,http://www.villageplayers.net/,13973721.0,,13973721.0,2190.0,Bloor St W,2190 Bloor St W,M6S 1N3,former TORONTO,Toronto,,112001.0,10250117.0,2190.0,,,,458.0,,,,,137,2188628.0,5,"The Village Playhouse a non-profit theatre group that opened its doors in 1974 and has since produced plays such as Cat on a Hot Tin Roof, Amadeus and Dial 'M' For Murder.",,N,"{u'type': u'Point', u'coordinates': (-79.4748066158, 43.6516541654)}"
139,138,,Theatre Passe Muraille,Performing Arts,416-504-7529,,http://passemuraille.ca/,8031682.0,,8031682.0,16.0,Ryerson Ave,16 Ryerson Ave,M5T 2P3,former TORONTO,Toronto,,115001.0,14019423.0,16.0,,,,4350.0,,,,,138,2276519.0,3,Theatre Passe Muraille was Canadas original alternative theatre company. 600 Canadian plays have been produced since the company was founded in 1968.,PasseMuraille.jpg,Y,"{u'type': u'Point', u'coordinates': (-79.4026119484, 43.64860047)}"
140,139,,Thompson Landry Gallery - Stone Building & Cooperage Space,Gallery,416-367-1341,,www.thompsonlandry.com/,30032108.0,,30032108.0,6.0,Trinity St,6 Trinity St,M5A 3C4,former TORONTO,Toronto,,115001.0,30029419.0,6.0,,,,4574.0,,,,,139,3232766.0,4,"The Thompson Landry Gallery is spread out over 6,000 square feet and showcases artwork from internationally acclaimed contemporary Quebec artists. The gallery opened in 2009 and is situated within the Distillery District's Cooperage Building.",,N,"{u'type': u'Point', u'coordinates': (-79.3596336013, 43.6501018325)}"
141,140,,TIFF Bell Lightbox,Landmark,416-599-8433,,www.tiff.net,14659357.0,,14659357.0,350.0,King St W,350 King St W,M5V 3X5,former TORONTO,Toronto,,104008.0,10458506.0,350.0,,,,3780.0,,,,,140,1604772.0,1,"The TIFF Bell Lightbox is the home of the Toronto International Film Festival and a year-round destination for unique screenings, themed festivals, and exhibitions. It also houses two restaurants.",TIFFBellLightbox.jpg,Y,"{u'type': u'Point', u'coordinates': (-79.3904508904, 43.6466460322)}"
142,141,,Todmorden Mills Heritage Site,Landmark,416-396-2819,,http://www1.toronto.ca/wps/portal/contentonly?vgnextoid=d5ed2271635af310VgnVCM10000071d60f89RCRD,10833995.0,,10833995.0,67.0,Pottery Rd,67 Pottery Rd,M4K 2B9,EAST YORK,Toronto,Todmorden Mills Park,107008.0,10833994.0,67.0,,,,293.0,,,,,141,4138865.0,3,Todmorden Mills Heritage Site is situated within the Don Valley and is located beside a 9.2 hectare wildflower preserve. It features historic buildings such as the Brewery building and the Papermill theatre and gallery.,TodmodernMills.jpg,Y,"{u'type': u'Point', u'coordinates': (-79.3603340145, 43.6863612341)}"
143,142,,Tommy Thompson Park,Nature/ Park,416-661-6600,,www.tommythompsonpark.ca,13366891.0,,13366891.0,1.0,Leslie St,1 Leslie St,,former TORONTO,Toronto,Tommy Thompson Park,106001.0,13366892.0,1.0,,,,225.0,,,,,142,3029400.0,3,"The park is a perfect place for hiking, jogging, cycling and birdwatching.",TommyThompsonPark.jpg,Y,"{u'type': u'Point', u'coordinates': (-79.3215943408, 43.6511856402)}"
144,143,,Toronto Botanical Gardens and Edwards Gardens,Nature/ Park,416-397-1340,,torontobotanicalgarden.ca/,20015330.0,,20015330.0,777.0,Lawrence Ave E,777 Lawrence Ave E,M3C 1P2,NORTH YORK,Toronto,Edwards Gardens (Civic Garden Centre),106001.0,11541583.0,777.0,,,,3828.0,,,,,143,2803401.0,3,"Located at the stunning Edwards Gardens, Toronto Botanical Garden features award-winning themed gardens and an indoor education/interpretation facility.",TOBotanicalGardens.jpg,Y,"{u'type': u'Point', u'coordinates': (-79.3586637804, 43.734337545)}"
145,144,,Toronto Centre for the Arts,Performing Arts,416-733-9388,,www.tocentre.com/,14072465.0,,14072465.0,5040.0,Yonge St,5040 Yonge St,M2N 6R8,NORTH YORK,Toronto,,115001.0,14067766.0,5040.0,,,,4733.0,,,,,144,2124525.0,3,"This venue features three unique stages to house a multitude of concerts, shows and events.",TorontoCentrefortheArts.jpg,Y,"{u'type': u'Point', u'coordinates': (-79.4140210863, 43.7662799097)}"
146,145,,Toronto City Hall and Nathan Phillips Square,Landmark,311,,http://www1.toronto.ca/wps/portal/contentonly?vgnextoid=f81aa9a59754c310VgnVCM1000006cd60f89RCRD,856375.0,,856375.0,100.0,Queen St W,100 Queen St W,M5H 2N1,former TORONTO,Toronto,Nathan Phillips Square,104001.0,1145216.0,100.0,,,,4238.0,,,,,145,3838404.0,1,"Toronto's City Hall is one of Toronto's best known and visited landmarks. Nathan Phillips Square located directly in front of City Hall, is the site of  the iconic Toronto sign, concerts, farmers' markets, and iconic events.",CityHallNPS.jpg,Y,"{u'type': u'Point', u'coordinates': (-79.3836250552, 43.6528221423)}"
147,147,,Toronto Congress Centre,Convention & Trade Centres,416-245-5000,,www.torontocongresscentre.com,11047976.0,,11047976.0,650.0,Dixon Rd,650 Dixon Rd,M9W 1J1,ETOBICOKE,Toronto,,115001.0,11047975.0,650.0,,,,1470.0,,,,,147,2028111.0,3,"The Toronto Congress Centre opened in 1995 and now features over 1 million square feet of space for galas, meetings, trade shows and conventions,",TorontoCongressCentre.jpg,Y,"{u'type': u'Point', u'coordinates': (-79.5781677897, 43.6908976721)}"
148,148,,Toronto Eaton Centre,Landmark,416-598-8560,,https://www.cfshops.com/toronto-eaton-centre.html,7762825.0,,7762825.0,220.0,Yonge St,220 Yonge St,M5B 2H1,former TORONTO,Toronto,Eaton Centre,107010.0,7762785.0,220.0,,,,4733.0,,,,,148,1899690.0,1,The Toronto Eaton Centre is downtown Toronto's only shopping mall. It features over 200 stores and restaurants as well as the sculpture called Flightstop designed by Michael Snow.,EatonCentre.jpg,Y,"{u'type': u'Point', u'coordinates': (-79.380109748, 43.6536693898)}"
149,149,Approximate address - Located on Toronto Island - take ferry from Jack Layton Ferry Terminal to Centre Island,Toronto Island Park,Nature/ Park,311,,http://www.torontoisland.com/,14258203.0,,14258203.0,1.0,Centre Island Pk,1 Centre Island Pk,,former TORONTO,Toronto,Toronto Islands - Ward's Island Park,106001.0,1147832.0,1.0,,,,17507.0,,,,,149,4061641.0,1,"The Toronto Island Park is North America's largest car free neighbourhood and is only a short ferry ride away from downtown Toronto. The park is features several attractions, beaches, restaurants, bike and boat rentals and plenty of open green space.",TOIslandPark.jpg,Y,"{u'type': u'Point', u'coordinates': (-79.3772754984, 43.6152152088)}"
150,150,,Toronto Music Garden,Nature/ Park,416-338-0338,,http://www.harbourfrontcentre.com/venues/torontomusicgarden/,13971630.0,,13971630.0,479.0,Queens Quay W,479 Queens Quay W,,former TORONTO,Toronto,Toronto Music Garden,106001.0,14130670.0,479.0,,,,4244.0,,,,,150,4156403.0,3,The Toronto Music Garden is situated on Toronto's newly revamped waterfront. The garden was designed by landscape designer Julie Moir Messervy and by the cellist Yo Yo Ma.,MusicGarden.jpg,Y,"{u'type': u'Point', u'coordinates': (-79.3934974628, 43.6372161194)}"
151,151,,Toronto Pearson International Airport,Transportation,416-247-7678,,www.torontopearson.com/,,,,,,6301 Silver Dart Drive,L5P 1B2,,,,,,,,,,,,,,,151,,1,Canadas busiest airport with flights to over 180 destinations around the globe.,PearsonAirport.jpg,Y,"{u'type': u'Point', u'coordinates': (-79.6631840996, 43.6689038009)}"
152,152,,Toronto Police Museum & Discovery Centre,Museum,416-214-9229,,http://www.torontopolice.on.ca/museum/,7762664.0,,7762664.0,40.0,College St,40 College St,M5G 2J3,former TORONTO,Toronto,Toronto Police Service Hq,103003.0,14020372.0,40.0,,,,9765.0,,,,,152,2561688.0,4,"The Toronto Police Museum & Discovery Centre occupies 3,000 square feet within the Police Headquarters building on College Street. The museum solely relies on private donations and is a not for profit registered charity.",,N,"{u'type': u'Point', u'coordinates': (-79.385139665, 43.6613491317)}"
153,153,,Toronto Public Labyrinth at Trinity Square,Museum,416-515-9658,,http://www.labyrinthnetwork.ca/toronto-public-labyrinth/,7762766.0,,7762766.0,19.0,Trinity Sq,19 Trinity Sq,,former TORONTO,Toronto,Trinity Square,109001.0,7762767.0,19.0,,,,11089.0,,,,,153,3835460.0,4,Trinity Square Park offers a unique age-old experience of meditating and relaxing while walking a labyrinth and focusing on personal self-awareness and spiritual growth.,,N,"{u'type': u'Point', u'coordinates': (-79.3817285202, 43.6547094003)}"
154,154,,Toronto Railway Museum,Museum,416- 214-9229,,http://www.trha.ca/museum.html,14172191.0,,14172191.0,255.0,Bremner Blvd,255 Bremner Blvd,M5V 3M9,former TORONTO,Toronto,Roundhouse Park,115001.0,13975104.0,255.0,,,,11078.0,,,,,154,3836923.0,2,"The Toronto Railway Museum encompasses the Canadian Pacific Railway John Street Roundhouse at Roundhouse Park and features a restored turntable, a number of trains and the 1896 Canadian Pacific Don Station.",Imageplaceholder.jpg,Y,"{u'type': u'Point', u'coordinates': (-79.385566849, 43.6416921051)}"
155,155,,Toronto Reference Library,Landmark,416-865-1833,,http://www.torontopubliclibrary.ca/,8677433.0,,8677433.0,789.0,Yonge St,789 Yonge St,M4W 2G8,former TORONTO,Toronto,Toronto Reference Public Library,107009.0,8677431.0,789.0,,,,4733.0,,,,,155,3006667.0,4,The Toronto Reference Library is situated in a 5 storey building within the Yorkville neighbourhood. It is the largest public reference library in Canada.,,N,"{u'type': u'Point', u'coordinates': (-79.3866699674, 43.6718789443)}"
156,156,,Toronto Sculpture Garden,Featured Park,416-366-7788,,http://www.torontosculpturegarden.com/,8344741.0,,8344741.0,115.0,King St E,115 King St E,M5C 1G6,former TORONTO,Toronto,"Toronto Sculpture Garden,Church - King Parkette",115001.0,30097820.0,115.0,,,,3779.0,,,,,156,4238726.0,4,Since 1981 this small urban park has featured contemporary sculpture installations by various artists.,,N,"{u'type': u'Point', u'coordinates': (-79.3736644474, 43.6498467907)}"
157,157,(by the Skywalk),Toronto Tourist Information Centre,Visitor Information,416-392-9300,,http://www1.toronto.ca/wps/portal/contentonly?vgnextoid=92200995bbbc1410VgnVCM10000071d60f89RCRD&vgnextchannel=71c08b7a29891410VgnVCM10000071d60f89RCRD,10864313.0,,10864313.0,65.0,Front St W,65 Front St W,M5J 1E6,former TORONTO,Toronto,,115001.0,10864309.0,65.0,,,,3472.0,,,,,157,2350095.0,1,"The Toronto Tourist Information Centre provides travel advice and information to all its customers. Services include free Wi-Fi service, brochures and souvenirs.",UTIC1.jpg,Y,"{u'type': u'Point', u'coordinates': (-79.3803451478, 43.6455196596)}"
158,175,,Yuk Yuk's,Performing Arts,416-967-6425,,https://www.yukyuks.com/,7929614.0,,7929614.0,224.0,Richmond St W,224 Richmond St W,M5V 1V6,former TORONTO,Toronto,,104008.0,14025348.0,224.0,,,,4277.0,,,,,175,2103957.0,3,Yuk Yuk's was established as a comedy club by Mark Breslin in 1976. It is located within Toronto's entertainment district and features various comedians doing their stand up routines.,YukYuks.jpg,Y,"{u'type': u'Point', u'coordinates': (-79.3883623645, 43.6498710006)}"
159,158,,Toronto Zoo,Attraction,416-392-5929,,www.torontozoo.com,6349687.0,,6349687.0,2000.0,Meadowvale Rd,2000 Meadowvale Rd,,SCARBOROUGH,Toronto,Toronto Zoo,106001.0,6349684.0,2000.0,,,,8470.0,,,,,158,2128998.0,1,"The Toronto Zoo is one of the largest zoos in the world at 287 hectares (710 acres) and is known for interactive education and conservation activities. It is currently home to 2 giant pandas, and more than 5,000 animals representing over 500 species.",TorontoZoo.jpg,Y,"{u'type': u'Point', u'coordinates': (-79.1783415996, 43.8238708851)}"
160,159,,Toronto's First Post Office,Museum,416-865-1833,,http://www.townofyork.com/,14194698.0,,14194698.0,260.0,Adelaide St E,260 Adelaide St E,M5A 1N1,former TORONTO,Toronto,,104008.0,8353507.0,260.0,,,,2851.0,,,,,159,2932547.0,4,Toronto's First Post Office acts as a museum but also continues to operate as a full service Canada Post office. Admission to the museum is by donation.,Imageplaceholder.jpg,Y,"{u'type': u'Point', u'coordinates': (-79.3705365201, 43.6519109934)}"
161,160,,Travellers' Aid Society of Toronto,Visitor Information,416-366-7788,,http://travellersaid.ca/,10864313.0,,10864313.0,65.0,Front St W,65 Front St W,M5J 1E6,former TORONTO,Toronto,,115001.0,10864309.0,65.0,,,,3472.0,,,,,160,2350095.0,3,Travellers' Aid Society of Toronto operates two desks; one at Pearson International Airport and the other within Union Station's grand hall. They offer free services to the general travelling public.,UnionTravellersAid.jpg,Y,"{u'type': u'Point', u'coordinates': (-79.3803451478, 43.6455196596)}"
162,161,,Ukrainian Museum of Canada,Museum,311,,http://umcontario.com/,870140.0,,870140.0,620.0,Spadina Ave,620 Spadina Ave,M5S 2H4,former TORONTO,Toronto,St. Vladimir Institute,102008.0,1143508.0,620.0,,,,4426.0,,,,,161,1870749.0,5,"The Ukrainian Museum of Canada features over 4,000 artifacts. These artifacts include prints, coins, maps jewellery, textiles and historic costumes.",,N,"{u'type': u'Point', u'coordinates': (-79.4022379724, 43.6619407679)}"
163,162,,Union Station,Transportation,311,,http://www1.toronto.ca/wps/portal/contentonly?vgnextoid=f50e962c8c3f0410VgnVCM10000071d60f89RCRD,10864313.0,,10864313.0,65.0,Front St W,65 Front St W,M5J 1E6,former TORONTO,Toronto,,115001.0,10864309.0,65.0,,,,3472.0,,,,,162,2350095.0,1,"Union Station is the busiest transportation hub in all of Canada. It serves more than 250,000 passengers daily. Via Rail, the TTC, Go Transit and Amtrak all operate out of the station",UnionStation.jpg,Y,"{u'type': u'Point', u'coordinates': (-79.3803451478, 43.6455196596)}"
164,163,,University of Toronto Art Centre,Gallery,311,,http://www.utac.utoronto.ca/,7793198.0,,7793198.0,15.0,King's College Crcl,15 King's College Crcl,M5S 3H7,former TORONTO,Toronto,,115001.0,7793196.0,15.0,,,,11268.0,,,,,163,2923233.0,5,Originally opened in 1996 The Arts centre puts a special focus on study collections.,,N,"{u'type': u'Point', u'coordinates': (-79.3953384496, 43.6625421417)}"
165,164,,Village of Yorkville Park,Nature/ Park,416-338-4386,,http://www.bloor-yorkville.com/About-Us/Village-Of-Yorkville.aspx,9544521.0,,9544521.0,115.0,Cumberland St,115 Cumberland St,,former TORONTO,Toronto,Village Of Yorkville Park,115001.0,30074461.0,115.0,,,,3247.0,,,,,164,4089089.0,3,"The Village of Yorkville Park was built on the site of a former parking lot, in the heart of the Bloor Yorkville neighbourhood. The main focal point of the park is the rock which weighs 650 tonnes and is approximately 1 billion years old.",VillageYorkvillePark.jpg,Y,"{u'type': u'Point', u'coordinates': (-79.3916747846, 43.6700268946)}"
166,165,Approximate address - Located on Toronto Island - take ferry from 9 Queen's Quay West to Ward's Island,Ward's Island Beach,Nature/ Park,416-338-4386,,http://app.toronto.ca/tpha/beach/6.html,3814227.0,,3814227.0,40.0,Lakeshore Ave,40 Lakeshore Ave,M5J 1X8,former TORONTO,Toronto,,100001.0,3814229.0,40.0,,,,3802.0,,,,,165,4162701.0,3,"Ward's Island beach is located on the most Eastern part of the Toronto Islands. It features a residential neighbourhood, 2 restaurants, a beach and boardwalk.",WardsIslandBeach.jpg,Y,"{u'type': u'Point', u'coordinates': (-79.3548079575, 43.6296060799)}"
167,166,,Winchester Street Theatre,Performing Arts,416-396-2819,,winchester.tdt.org/,883562.0,,883562.0,80.0,Winchester St,80 Winchester St,M4X 1B2,former TORONTO,Toronto,,112001.0,1142715.0,80.0,,,,4697.0,,,,,166,1907712.0,5,The Winchester Street Theatre is owned and jointly operated by the Toronto Dance Theatre and the School of Toronto Dance Theatre. The venue features rake seating and a stage that best showcases dance performances.,,N,"{u'type': u'Point', u'coordinates': (-79.3670122244, 43.6664225457)}"
168,167,,Woodbine Beach,Nature/ Park,311,,http://www1.toronto.ca/parks/prd/facilities/complex/311/,7650406.0,,7650406.0,1675.0,Lake Shore Blvd E,1675 Lake Shore Blvd E,M4L 3W6,former TORONTO,Toronto,Woodbine Beach Park,106001.0,13973014.0,1675.0,,,,3803.0,,,,,167,4149245.0,2,Woodbine Beach is one of the city's main beaches. The park is located over 15.2 hectares.  Features include the Martin Goodman Trail and the Donald D. Summerville Outdoor Olympic Pool.,WoodbineBeach.jpg,Y,"{u'type': u'Point', u'coordinates': (-79.3111794251, 43.6615411848)}"
169,168,,Woodbine Racetracks,Attraction,416-675-7223,,http://www.woodbineentertainment.com/Woodbine/Pages/Default.aspx,1027360.0,,1027360.0,555.0,Rexdale Blvd,555 Rexdale Blvd,M9W 7G3,ETOBICOKE,Toronto,,106005.0,907820.0,555.0,,,,2361.0,,,,,168,1492665.0,3,Offers both Standardbred and Thoroughbred racing and hosts many prominent events (including the Queens Plate)throughout the year.,WoodbineRacetrack.jpg,Y,"{u'type': u'Point', u'coordinates': (-79.6056383116, 43.7090026743)}"
170,169,,Woodbine Shopping Centre and Fantasy Fair,Attraction,416-674-5437,,http://www.fantasyfair.ca/,1027357.0,,1027357.0,500.0,Rexdale Blvd,500 Rexdale Blvd,M9W 6K5,ETOBICOKE,Toronto,,107003.0,907873.0,500.0,,,,2361.0,,,,,169,1791913.0,4,The Woodbine Shopping Centre is located within the city's West end; close to Pearson Airport and Woodbine Racetrack. Fantasy Fair located within the mall is an indoor amusement park for children.  In 2015 it celebrates 30 years.,Imageplaceholder.jpg,Y,"{u'type': u'Point', u'coordinates': (-79.6000606721, 43.7203766341)}"
171,170,,Yonge-Dundas Square,Landmark,416-979-9960,,www.ydsquare.ca/,14229809.0,,14229809.0,1.0,Dundas St E,1 Dundas St E,,former TORONTO,Toronto,,106001.0,7641732.0,1.0,,,,3334.0,,,,,170,3149860.0,1,"Yonge-Dundas Square is one of the city's largest public squares. It is located directly across from the Toronto Eaton Centre. The square is home to free movie screenings, concerts, shows and exhibits.",YDSquare.jpg,Y,"{u'type': u'Point', u'coordinates': (-79.380438548, 43.6561934525)}"
172,171,,York Quay Centre,Landmark,416-967-6425,,http://www.harbourfrontcentre.com/,11226853.0,,11226853.0,235.0,Queens Quay W,235 Queens Quay W,M5J 2G8,former TORONTO,Toronto,,115001.0,14134888.0,235.0,,,,4244.0,,,,,171,1995833.0,3,The York Quay Centre is part of the Harbourfront Centre.,,N,"{u'type': u'Point', u'coordinates': (-79.3831053215, 43.6392318608)}"
173,172,,Yorkdale Mall,Landmark,416-789-3261,,www.yorkdale.com/,509769.0,,509769.0,3401.0,Dufferin St,3401 Dufferin St,M6A 2T9,NORTH YORK,Toronto,,107003.0,444365.0,3401.0,,,,557.0,,,,,172,3035044.0,2,An upscale shopping centre in Toronto's North West end.,Yorkdale.jpg,Y,"{u'type': u'Point', u'coordinates': (-79.451467173, 43.7260704435)}"
174,173,,Young Centre for the Performing Arts,Performing Arts,416-866-8666,,https://www.youngcentre.ca/,30032214.0,,30032214.0,50.0,Tank House Lane,50 Tank House Lane,M5A 3C4,former TORONTO,Toronto,,115001.0,30029446.0,50.0,,,,19560.0,,,,,173,3339458.0,3,"Opened in 2006 the Young Centre for the Performing Arts has seen more than 250,000 people attend its performances. The theatre is located within the Distillery Historic District.",Imageplaceholder.jpg,Y,"{u'type': u'Point', u'coordinates': (-79.3574586753, 43.6508509258)}"
175,174,,Young People's Theatre,Performing Arts,416-862-2222,,www.youngpeoplestheatre.ca/,8351482.0,,8351482.0,165.0,Front St E,165 Front St E,M5A 3Z4,former TORONTO,Toronto,,115001.0,8351480.0,165.0,,,,3471.0,,,,,174,2731772.0,3,The Young People Theatre is a part of the Soulpepper theatre company located within the Distillery Historic District.,Imageplaceholder.jpg,Y,"{u'type': u'Point', u'coordinates': (-79.3687388448, 43.6499898626)}"
